Crew,Gr/Cl,ss,Race,date,surface,competition,cou,time_SS_sec
Battistolli A.,Rally2,1,Foligno,10/03/2024,Gravel,Italy,1,528.1
Heikkilä Mikko,Rally2,1,Foligno,10/03/2024,Gravel,Italy,2,528.5
Ciuffi Tommaso,Rally2,1,Foligno,10/03/2024,Gravel,Italy,3,537.4
Scandola Umber,Rally2,1,Foligno,10/03/2024,Gravel,Italy,4,547.6
Tali Nicola  -,Rally2,1,Foligno,10/03/2024,Gravel,Italy,5,558.9
Lavio Jaakko  ,Rally2,1,Foligno,10/03/2024,Gravel,Italy,6,558.9
Oldrati Enrico,Rally2,1,Foligno,10/03/2024,Gravel,Italy,7,562.6
Gamba Matteo  ,Rally2,1,Foligno,10/03/2024,Gravel,Italy,8,564.4
Hoelbling Luca,Rally2,1,Foligno,10/03/2024,Gravel,Italy,9,564.6
Dalmazzini And,Rally2,1,Foligno,10/03/2024,Gravel,Italy,10,566.5
Novak Aljoša  ,Rally2,1,Foligno,10/03/2024,Gravel,Italy,11,568.2
Quilichini J. ,Rally2,1,Foligno,10/03/2024,Gravel,Italy,12,568.6
Romagna Simone,Rally2,1,Foligno,10/03/2024,Gravel,Italy,13,571.0
Grossi A.  - C,der 25,1,Foligno,10/03/2024,Gravel,Italy,14,571.9
Tiramani Chris,der 25,1,Foligno,10/03/2024,Gravel,Italy,15,573.7
Gianesini Marc,ver 55,1,Foligno,10/03/2024,Gravel,Italy,16,575.8
Fontana Matteo,der 25,1,Foligno,10/03/2024,Gravel,Italy,17,576.5
Roncoroni Marc,Rally2,1,Foligno,10/03/2024,Gravel,Italy,18,586.8
Zorzi Alessand,Rally2,1,Foligno,10/03/2024,Gravel,Italy,19,587.7
Müller Liam  -,der 25,1,Foligno,10/03/2024,Gravel,Italy,20,588.0
Molinaro Tamar,Female,1,Foligno,10/03/2024,Gravel,Italy,21,588.4
Rizzo Marcello,Rally2,1,Foligno,10/03/2024,Gravel,Italy,22,589.7
Travaglia Aron,N5,1,Foligno,10/03/2024,Gravel,Italy,23,594.7
Vagnini Jader ,Rally2,1,Foligno,10/03/2024,Gravel,Italy,24,599.3
Negri Alessand,N5,1,Foligno,10/03/2024,Gravel,Italy,25,600.0
Prosenc Borut ,Rally4,1,Foligno,10/03/2024,Gravel,Italy,26,605.6
Epis Filippo  ,Rally2,1,Foligno,10/03/2024,Gravel,Italy,27,606.8
Nerobutto G.  ,der 25,1,Foligno,10/03/2024,Gravel,Italy,28,617.3
Farina Fabio  ,Rally4,1,Foligno,10/03/2024,Gravel,Italy,29,618.4
Tosetto P.  - ,der 25,1,Foligno,10/03/2024,Gravel,Italy,30,621.6
Marrone Stefan,Rally4,1,Foligno,10/03/2024,Gravel,Italy,31,626.3
Müller Jonas  ,der 25,1,Foligno,10/03/2024,Gravel,Italy,32,627.3
Bizzozero Davi,ver 55,1,Foligno,10/03/2024,Gravel,Italy,33,627.9
Marchioro Nico,Rally4,1,Foligno,10/03/2024,Gravel,Italy,34,628.2
Bitti Giuseppe,der 25,1,Foligno,10/03/2024,Gravel,Italy,35,631.0
Campagnoli Gab,Rally3,1,Foligno,10/03/2024,Gravel,Italy,36,631.9
Milani Michele,N4,1,Foligno,10/03/2024,Gravel,Italy,37,634.2
Diserò Luca  -,Rally4,1,Foligno,10/03/2024,Gravel,Italy,38,635.8
Bartolini Davi,Rally4,1,Foligno,10/03/2024,Gravel,Italy,39,638.4
Solitro Fabio ,Rally4,1,Foligno,10/03/2024,Gravel,Italy,40,639.1
Squarcialupi M,Rally2,1,Foligno,10/03/2024,Gravel,Italy,41,639.6
Martinelli Sam,R3,1,Foligno,10/03/2024,Gravel,Italy,42,639.8
Cazzaro Nicola,Rally4,1,Foligno,10/03/2024,Gravel,Italy,43,641.1
Caldart Claudi,ver 55,1,Foligno,10/03/2024,Gravel,Italy,44,641.4
Casarin Matteo,N4,1,Foligno,10/03/2024,Gravel,Italy,45,643.4
Ricciardi Fran,Rally4,1,Foligno,10/03/2024,Gravel,Italy,46,644.8
Savio Michael ,Rally5,1,Foligno,10/03/2024,Gravel,Italy,47,645.5
Biondi Sergio ,Rally4,1,Foligno,10/03/2024,Gravel,Italy,48,662.2
Sotiropoulos N,Rally4,1,Foligno,10/03/2024,Gravel,Italy,49,668.9
Vargiu Giacomo,Rally4,1,Foligno,10/03/2024,Gravel,Italy,50,669.8
Pierulivo Leon,Rally4,1,Foligno,10/03/2024,Gravel,Italy,51,671.6
Leuratti Giorg,Rally4,1,Foligno,10/03/2024,Gravel,Italy,52,678.8
Scalzotto Andr,6 Plus,1,Foligno,10/03/2024,Gravel,Italy,53,682.1
Stoppioni Save,ver 55,1,Foligno,10/03/2024,Gravel,Italy,54,684.0
Piccardo Andre,ly4/R2,1,Foligno,10/03/2024,Gravel,Italy,55,688.0
Gherardi Chris,ly4/R2,1,Foligno,10/03/2024,Gravel,Italy,56,688.2
Mangiarotti Ma,ver 55,1,Foligno,10/03/2024,Gravel,Italy,57,697.3
Leonessi Marco,ly4/R2,1,Foligno,10/03/2024,Gravel,Italy,58,712.2
Bentivogli Gia,der 25,1,Foligno,10/03/2024,Gravel,Italy,59,719.3
Cianfriglia Di,N2,1,Foligno,10/03/2024,Gravel,Italy,60,725.3
Manera Luca  -,ver 55,1,Foligno,10/03/2024,Gravel,Italy,61,738.5
Olevano Alessa,ver 55,1,Foligno,10/03/2024,Gravel,Italy,62,741.0
Robone Andrea ,A0,1,Foligno,10/03/2024,Gravel,Italy,63,855.4
Vidori Asia  -,Female,1,Foligno,10/03/2024,Gravel,Italy,64,942.3
Lani Alessandr,der 25,1,Foligno,10/03/2024,Gravel,Italy,65,980.8
Heikkilä Mikko,Rally2,2,Foligno,10/03/2024,Gravel,Italy,1,241.3
Battistolli A.,Rally2,2,Foligno,10/03/2024,Gravel,Italy,2,243.9
Scandola Umber,Rally2,2,Foligno,10/03/2024,Gravel,Italy,3,248.2
Lavio Jaakko  ,Rally2,2,Foligno,10/03/2024,Gravel,Italy,4,251.7
Oldrati Enrico,Rally2,2,Foligno,10/03/2024,Gravel,Italy,5,256.2
Gamba Matteo  ,Rally2,2,Foligno,10/03/2024,Gravel,Italy,6,257.6
Tali Nicola  -,Rally2,2,Foligno,10/03/2024,Gravel,Italy,7,259.8
Dalmazzini And,Rally2,2,Foligno,10/03/2024,Gravel,Italy,8,260.1
Grossi A.  - C,der 25,2,Foligno,10/03/2024,Gravel,Italy,9,260.2
Tiramani Chris,der 25,2,Foligno,10/03/2024,Gravel,Italy,10,262.4
Hoelbling Luca,Rally2,2,Foligno,10/03/2024,Gravel,Italy,11,263.2
Quilichini J. ,Rally2,2,Foligno,10/03/2024,Gravel,Italy,12,263.7
Müller Liam  -,der 25,2,Foligno,10/03/2024,Gravel,Italy,13,264.2
Novak Aljoša  ,Rally2,2,Foligno,10/03/2024,Gravel,Italy,14,265.1
Fontana Matteo,der 25,2,Foligno,10/03/2024,Gravel,Italy,15,265.7
Rizzo Marcello,Rally2,2,Foligno,10/03/2024,Gravel,Italy,16,265.9
Romagna Simone,Rally2,2,Foligno,10/03/2024,Gravel,Italy,17,266.0
Molinaro Tamar,Female,2,Foligno,10/03/2024,Gravel,Italy,18,269.0
Gianesini Marc,ver 55,2,Foligno,10/03/2024,Gravel,Italy,19,269.5
Vagnini Jader ,Rally2,2,Foligno,10/03/2024,Gravel,Italy,20,270.0
Roncoroni Marc,Rally2,2,Foligno,10/03/2024,Gravel,Italy,21,273.7
Zorzi Alessand,Rally2,2,Foligno,10/03/2024,Gravel,Italy,22,274.5
Epis Filippo  ,Rally2,2,Foligno,10/03/2024,Gravel,Italy,23,277.3
Squarcialupi M,Rally2,2,Foligno,10/03/2024,Gravel,Italy,24,278.2
Prosenc Borut ,Rally4,2,Foligno,10/03/2024,Gravel,Italy,25,279.3
Tosetto P.  - ,der 25,2,Foligno,10/03/2024,Gravel,Italy,26,279.4
Travaglia Aron,N5,2,Foligno,10/03/2024,Gravel,Italy,27,282.8
Farina Fabio  ,Rally4,2,Foligno,10/03/2024,Gravel,Italy,28,283.4
Bizzozero Davi,ver 55,2,Foligno,10/03/2024,Gravel,Italy,29,284.9
Marrone Stefan,Rally4,2,Foligno,10/03/2024,Gravel,Italy,30,289.9
Müller Jonas  ,der 25,2,Foligno,10/03/2024,Gravel,Italy,31,290.6
Campagnoli Gab,Rally3,2,Foligno,10/03/2024,Gravel,Italy,32,291.3
Cazzaro Nicola,Rally4,2,Foligno,10/03/2024,Gravel,Italy,33,291.7
Milani Michele,N4,2,Foligno,10/03/2024,Gravel,Italy,34,292.8
Bartolini Davi,Rally4,2,Foligno,10/03/2024,Gravel,Italy,35,294.0
Ricciardi Fran,Rally4,2,Foligno,10/03/2024,Gravel,Italy,36,294.4
Diserò Luca  -,Rally4,2,Foligno,10/03/2024,Gravel,Italy,37,295.3
Marchioro Nico,Rally4,2,Foligno,10/03/2024,Gravel,Italy,38,295.4
Caldart Claudi,ver 55,2,Foligno,10/03/2024,Gravel,Italy,39,295.5
Martinelli Sam,R3,2,Foligno,10/03/2024,Gravel,Italy,40,297.0
Savio Michael ,Rally5,2,Foligno,10/03/2024,Gravel,Italy,41,297.2
Casarin Matteo,N4,2,Foligno,10/03/2024,Gravel,Italy,42,299.1
Sotiropoulos N,Rally4,2,Foligno,10/03/2024,Gravel,Italy,43,303.3
Negri Alessand,N5,2,Foligno,10/03/2024,Gravel,Italy,44,304.5
Nerobutto G.  ,der 25,2,Foligno,10/03/2024,Gravel,Italy,45,305.1
Vargiu Giacomo,Rally4,2,Foligno,10/03/2024,Gravel,Italy,46,305.8
Solitro Fabio ,Rally4,2,Foligno,10/03/2024,Gravel,Italy,47,307.2
Pierulivo Leon,Rally4,2,Foligno,10/03/2024,Gravel,Italy,48,307.5
Biondi Sergio ,Rally4,2,Foligno,10/03/2024,Gravel,Italy,49,309.6
Leuratti Giorg,Rally4,2,Foligno,10/03/2024,Gravel,Italy,50,309.7
Stoppioni Save,ver 55,2,Foligno,10/03/2024,Gravel,Italy,51,316.0
Leonessi Marco,ly4/R2,2,Foligno,10/03/2024,Gravel,Italy,52,318.4
Mangiarotti Ma,ver 55,2,Foligno,10/03/2024,Gravel,Italy,53,319.3
Piccardo Andre,ly4/R2,2,Foligno,10/03/2024,Gravel,Italy,54,319.6
Scalzotto Andr,6 Plus,2,Foligno,10/03/2024,Gravel,Italy,55,324.4
Gherardi Chris,ly4/R2,2,Foligno,10/03/2024,Gravel,Italy,56,330.1
Bentivogli Gia,der 25,2,Foligno,10/03/2024,Gravel,Italy,57,338.2
Cianfriglia Di,N2,2,Foligno,10/03/2024,Gravel,Italy,58,340.6
Manera Luca  -,ver 55,2,Foligno,10/03/2024,Gravel,Italy,59,340.8
Olevano Alessa,ver 55,2,Foligno,10/03/2024,Gravel,Italy,60,341.7
Robone Andrea ,A0,2,Foligno,10/03/2024,Gravel,Italy,61,400.4
Bitti Giuseppe,der 25,2,Foligno,10/03/2024,Gravel,Italy,62,414.5
Vidori Asia  -,Female,2,Foligno,10/03/2024,Gravel,Italy,63,438.1
Heikkilä Mikko,Rally2,3,Foligno,10/03/2024,Gravel,Italy,1,270.5
Battistolli A.,Rally2,3,Foligno,10/03/2024,Gravel,Italy,2,271.8
Scandola Umber,Rally2,3,Foligno,10/03/2024,Gravel,Italy,3,272.8
Lavio Jaakko  ,Rally2,3,Foligno,10/03/2024,Gravel,Italy,4,281.8
Gamba Matteo  ,Rally2,3,Foligno,10/03/2024,Gravel,Italy,5,281.9
Dalmazzini And,Rally2,3,Foligno,10/03/2024,Gravel,Italy,6,282.8
Oldrati Enrico,Rally2,3,Foligno,10/03/2024,Gravel,Italy,7,285.1
Tali Nicola  -,Rally2,3,Foligno,10/03/2024,Gravel,Italy,8,286.0
Quilichini J. ,Rally2,3,Foligno,10/03/2024,Gravel,Italy,9,286.3
Hoelbling Luca,Rally2,3,Foligno,10/03/2024,Gravel,Italy,10,286.4
Grossi A.  - C,der 25,3,Foligno,10/03/2024,Gravel,Italy,11,287.7
Tiramani Chris,der 25,3,Foligno,10/03/2024,Gravel,Italy,12,288.0
Novak Aljoša  ,Rally2,3,Foligno,10/03/2024,Gravel,Italy,13,288.6
Müller Liam  -,der 25,3,Foligno,10/03/2024,Gravel,Italy,14,290.0
Romagna Simone,Rally2,3,Foligno,10/03/2024,Gravel,Italy,15,290.3
Gianesini Marc,ver 55,3,Foligno,10/03/2024,Gravel,Italy,16,291.7
Molinaro Tamar,Female,3,Foligno,10/03/2024,Gravel,Italy,17,294.2
Rizzo Marcello,Rally2,3,Foligno,10/03/2024,Gravel,Italy,18,295.0
Fontana Matteo,der 25,3,Foligno,10/03/2024,Gravel,Italy,19,296.7
Zorzi Alessand,Rally2,3,Foligno,10/03/2024,Gravel,Italy,20,296.8
Roncoroni Marc,Rally2,3,Foligno,10/03/2024,Gravel,Italy,21,297.0
Vagnini Jader ,Rally2,3,Foligno,10/03/2024,Gravel,Italy,22,297.4
Travaglia Aron,N5,3,Foligno,10/03/2024,Gravel,Italy,23,300.0
Squarcialupi M,Rally2,3,Foligno,10/03/2024,Gravel,Italy,24,301.1
Epis Filippo  ,Rally2,3,Foligno,10/03/2024,Gravel,Italy,25,302.1
Tosetto P.  - ,der 25,3,Foligno,10/03/2024,Gravel,Italy,26,307.1
Bizzozero Davi,ver 55,3,Foligno,10/03/2024,Gravel,Italy,27,311.5
Negri Alessand,N5,3,Foligno,10/03/2024,Gravel,Italy,28,315.1
Farina Fabio  ,Rally4,3,Foligno,10/03/2024,Gravel,Italy,29,315.9
Müller Jonas  ,der 25,3,Foligno,10/03/2024,Gravel,Italy,30,320.9
Milani Michele,N4,3,Foligno,10/03/2024,Gravel,Italy,31,321.1
Prosenc Borut ,Rally4,3,Foligno,10/03/2024,Gravel,Italy,32,321.4
Casarin Matteo,N4,3,Foligno,10/03/2024,Gravel,Italy,33,322.7
Cazzaro Nicola,Rally4,3,Foligno,10/03/2024,Gravel,Italy,34,322.8
Marchioro Nico,Rally4,3,Foligno,10/03/2024,Gravel,Italy,35,323.3
Bartolini Davi,Rally4,3,Foligno,10/03/2024,Gravel,Italy,36,323.5
Campagnoli Gab,Rally3,3,Foligno,10/03/2024,Gravel,Italy,37,324.5
Diserò Luca  -,Rally4,3,Foligno,10/03/2024,Gravel,Italy,38,326.5
Marrone Stefan,Rally4,3,Foligno,10/03/2024,Gravel,Italy,39,326.8
Solitro Fabio ,Rally4,3,Foligno,10/03/2024,Gravel,Italy,40,330.0
Martinelli Sam,R3,3,Foligno,10/03/2024,Gravel,Italy,41,330.9
Savio Michael ,Rally5,3,Foligno,10/03/2024,Gravel,Italy,42,331.2
Nerobutto G.  ,der 25,3,Foligno,10/03/2024,Gravel,Italy,43,331.8
Caldart Claudi,ver 55,3,Foligno,10/03/2024,Gravel,Italy,44,332.4
Ricciardi Fran,Rally4,3,Foligno,10/03/2024,Gravel,Italy,45,332.8
Sotiropoulos N,Rally4,3,Foligno,10/03/2024,Gravel,Italy,46,335.8
Pierulivo Leon,Rally4,3,Foligno,10/03/2024,Gravel,Italy,47,337.0
Biondi Sergio ,Rally4,3,Foligno,10/03/2024,Gravel,Italy,48,337.7
Vargiu Giacomo,Rally4,3,Foligno,10/03/2024,Gravel,Italy,49,340.0
Leuratti Giorg,Rally4,3,Foligno,10/03/2024,Gravel,Italy,50,341.6
Leonessi Marco,ly4/R2,3,Foligno,10/03/2024,Gravel,Italy,51,353.6
Mangiarotti Ma,ver 55,3,Foligno,10/03/2024,Gravel,Italy,52,355.3
Piccardo Andre,ly4/R2,3,Foligno,10/03/2024,Gravel,Italy,53,357.0
Scalzotto Andr,6 Plus,3,Foligno,10/03/2024,Gravel,Italy,54,357.4
Gherardi Chris,ly4/R2,3,Foligno,10/03/2024,Gravel,Italy,55,359.1
Bitti Giuseppe,der 25,3,Foligno,10/03/2024,Gravel,Italy,56,361.1
Stoppioni Save,ver 55,3,Foligno,10/03/2024,Gravel,Italy,57,361.2
Manera Luca  -,ver 55,3,Foligno,10/03/2024,Gravel,Italy,58,371.1
Olevano Alessa,ver 55,3,Foligno,10/03/2024,Gravel,Italy,59,373.2
Bentivogli Gia,der 25,3,Foligno,10/03/2024,Gravel,Italy,60,390.1
Robone Andrea ,A0,3,Foligno,10/03/2024,Gravel,Italy,61,453.7
Vidori Asia  -,Female,3,Foligno,10/03/2024,Gravel,Italy,62,466.0
Heikkilä Mikko,Rally2,4,Foligno,10/03/2024,Gravel,Italy,1,524.9
Battistolli A.,Rally2,4,Foligno,10/03/2024,Gravel,Italy,2,529.6
Scandola Umber,Rally2,4,Foligno,10/03/2024,Gravel,Italy,3,538.5
Lavio Jaakko  ,Rally2,4,Foligno,10/03/2024,Gravel,Italy,4,543.7
Gamba Matteo  ,Rally2,4,Foligno,10/03/2024,Gravel,Italy,5,546.5
Müller Liam  -,der 25,4,Foligno,10/03/2024,Gravel,Italy,6,550.4
Romagna Simone,Rally2,4,Foligno,10/03/2024,Gravel,Italy,7,550.5
Hoelbling Luca,Rally2,4,Foligno,10/03/2024,Gravel,Italy,8,550.7
Tali Nicola  -,Rally2,4,Foligno,10/03/2024,Gravel,Italy,9,551.2
Dalmazzini And,Rally2,4,Foligno,10/03/2024,Gravel,Italy,10,555.9
Quilichini J. ,Rally2,4,Foligno,10/03/2024,Gravel,Italy,11,556.7
Gianesini Marc,ver 55,4,Foligno,10/03/2024,Gravel,Italy,12,559.0
Molinaro Tamar,Female,4,Foligno,10/03/2024,Gravel,Italy,13,562.9
Tiramani Chris,der 25,4,Foligno,10/03/2024,Gravel,Italy,14,565.2
Fontana Matteo,der 25,4,Foligno,10/03/2024,Gravel,Italy,15,568.1
Rizzo Marcello,Rally2,4,Foligno,10/03/2024,Gravel,Italy,16,569.9
Roncoroni Marc,Rally2,4,Foligno,10/03/2024,Gravel,Italy,17,570.8
Travaglia Aron,N5,4,Foligno,10/03/2024,Gravel,Italy,18,576.5
Vagnini Jader ,Rally2,4,Foligno,10/03/2024,Gravel,Italy,19,580.7
Epis Filippo  ,Rally2,4,Foligno,10/03/2024,Gravel,Italy,20,585.7
Prosenc Borut ,Rally4,4,Foligno,10/03/2024,Gravel,Italy,21,588.8
Farina Fabio  ,Rally4,4,Foligno,10/03/2024,Gravel,Italy,22,591.5
Campagnoli Gab,Rally3,4,Foligno,10/03/2024,Gravel,Italy,23,598.9
Negri Alessand,N5,4,Foligno,10/03/2024,Gravel,Italy,24,600.7
Squarcialupi M,Rally2,4,Foligno,10/03/2024,Gravel,Italy,25,601.2
Marchioro Nico,Rally4,4,Foligno,10/03/2024,Gravel,Italy,26,603.9
Nerobutto G.  ,der 25,4,Foligno,10/03/2024,Gravel,Italy,27,605.4
Cazzaro Nicola,Rally4,4,Foligno,10/03/2024,Gravel,Italy,28,611.1
Müller Jonas  ,der 25,4,Foligno,10/03/2024,Gravel,Italy,29,612.3
Bartolini Davi,Rally4,4,Foligno,10/03/2024,Gravel,Italy,30,613.6
Diserò Luca  -,Rally4,4,Foligno,10/03/2024,Gravel,Italy,31,617.3
Savio Michael ,Rally5,4,Foligno,10/03/2024,Gravel,Italy,32,619.2
Marrone Stefan,Rally4,4,Foligno,10/03/2024,Gravel,Italy,33,620.1
Casarin Matteo,N4,4,Foligno,10/03/2024,Gravel,Italy,34,622.6
Caldart Claudi,ver 55,4,Foligno,10/03/2024,Gravel,Italy,35,623.3
Vargiu Giacomo,Rally4,4,Foligno,10/03/2024,Gravel,Italy,36,623.8
Leuratti Giorg,Rally4,4,Foligno,10/03/2024,Gravel,Italy,37,624.4
Milani Michele,N4,4,Foligno,10/03/2024,Gravel,Italy,38,625.7
Sotiropoulos N,Rally4,4,Foligno,10/03/2024,Gravel,Italy,39,626.8
Solitro Fabio ,Rally4,4,Foligno,10/03/2024,Gravel,Italy,40,627.0
Martinelli Sam,R3,4,Foligno,10/03/2024,Gravel,Italy,41,628.6
Bizzozero Davi,ver 55,4,Foligno,10/03/2024,Gravel,Italy,42,633.2
Ricciardi Fran,Rally4,4,Foligno,10/03/2024,Gravel,Italy,43,633.9
Biondi Sergio ,Rally4,4,Foligno,10/03/2024,Gravel,Italy,44,636.1
Bitti Giuseppe,der 25,4,Foligno,10/03/2024,Gravel,Italy,45,640.6
Pierulivo Leon,Rally4,4,Foligno,10/03/2024,Gravel,Italy,46,644.7
Scalzotto Andr,6 Plus,4,Foligno,10/03/2024,Gravel,Italy,47,653.4
Leonessi Marco,ly4/R2,4,Foligno,10/03/2024,Gravel,Italy,48,657.6
Piccardo Andre,ly4/R2,4,Foligno,10/03/2024,Gravel,Italy,49,659.1
Stoppioni Save,ver 55,4,Foligno,10/03/2024,Gravel,Italy,50,661.0
Mangiarotti Ma,ver 55,4,Foligno,10/03/2024,Gravel,Italy,51,666.4
Gherardi Chris,ly4/R2,4,Foligno,10/03/2024,Gravel,Italy,52,675.4
Manera Luca  -,ver 55,4,Foligno,10/03/2024,Gravel,Italy,53,687.1
Bentivogli Gia,der 25,4,Foligno,10/03/2024,Gravel,Italy,54,704.2
Olevano Alessa,ver 55,4,Foligno,10/03/2024,Gravel,Italy,55,744.1
Novak Aljoša  ,Rally2,4,Foligno,10/03/2024,Gravel,Italy,56,795.7
Robone Andrea ,A0,4,Foligno,10/03/2024,Gravel,Italy,57,835.5
Vidori Asia  -,Female,4,Foligno,10/03/2024,Gravel,Italy,58,982.4
Zorzi Alessand,Rally2,4,Foligno,10/03/2024,Gravel,Italy,59,1143.1
Heikkilä Mikko,Rally2,5,Foligno,10/03/2024,Gravel,Italy,1,240.6
Battistolli A.,Rally2,5,Foligno,10/03/2024,Gravel,Italy,2,243.1
Scandola Umber,Rally2,5,Foligno,10/03/2024,Gravel,Italy,3,243.3
Gamba Matteo  ,Rally2,5,Foligno,10/03/2024,Gravel,Italy,4,245.8
Tiramani Chris,der 25,5,Foligno,10/03/2024,Gravel,Italy,5,248.2
Müller Liam  -,der 25,5,Foligno,10/03/2024,Gravel,Italy,6,252.0
Novak Aljoša  ,Rally2,5,Foligno,10/03/2024,Gravel,Italy,7,253.7
Vagnini Jader ,Rally2,5,Foligno,10/03/2024,Gravel,Italy,8,255.9
Fontana Matteo,der 25,5,Foligno,10/03/2024,Gravel,Italy,9,256.1
Romagna Simone,Rally2,5,Foligno,10/03/2024,Gravel,Italy,10,256.6
Quilichini J. ,Rally2,5,Foligno,10/03/2024,Gravel,Italy,11,257.9
Molinaro Tamar,Female,5,Foligno,10/03/2024,Gravel,Italy,12,258.1
Epis Filippo  ,Rally2,5,Foligno,10/03/2024,Gravel,Italy,13,258.6
Rizzo Marcello,Rally2,5,Foligno,10/03/2024,Gravel,Italy,14,259.6
Gianesini Marc,ver 55,5,Foligno,10/03/2024,Gravel,Italy,15,261.0
Roncoroni Marc,Rally2,5,Foligno,10/03/2024,Gravel,Italy,16,265.3
Prosenc Borut ,Rally4,5,Foligno,10/03/2024,Gravel,Italy,17,266.8
Negri Alessand,N5,5,Foligno,10/03/2024,Gravel,Italy,18,272.8
Tali Nicola  -,Rally2,5,Foligno,10/03/2024,Gravel,Italy,19,273.6
Cazzaro Nicola,Rally4,5,Foligno,10/03/2024,Gravel,Italy,20,274.2
Squarcialupi M,Rally2,5,Foligno,10/03/2024,Gravel,Italy,21,274.3
Marchioro Nico,Rally4,5,Foligno,10/03/2024,Gravel,Italy,22,274.9
Nerobutto G.  ,der 25,5,Foligno,10/03/2024,Gravel,Italy,23,275.0
Müller Jonas  ,der 25,5,Foligno,10/03/2024,Gravel,Italy,24,277.5
Bartolini Davi,Rally4,5,Foligno,10/03/2024,Gravel,Italy,25,278.8
Diserò Luca  -,Rally4,5,Foligno,10/03/2024,Gravel,Italy,26,279.6
Leuratti Giorg,Rally4,5,Foligno,10/03/2024,Gravel,Italy,27,281.9
Dalmazzini And,Rally2,5,Foligno,10/03/2024,Gravel,Italy,28,282.0
Campagnoli Gab,Rally3,5,Foligno,10/03/2024,Gravel,Italy,29,283.7
Caldart Claudi,ver 55,5,Foligno,10/03/2024,Gravel,Italy,30,284.4
Savio Michael ,Rally5,5,Foligno,10/03/2024,Gravel,Italy,31,285.2
Marrone Stefan,Rally4,5,Foligno,10/03/2024,Gravel,Italy,32,286.1
Ricciardi Fran,Rally4,5,Foligno,10/03/2024,Gravel,Italy,33,286.3
Martinelli Sam,R3,5,Foligno,10/03/2024,Gravel,Italy,34,286.5
Milani Michele,N4,5,Foligno,10/03/2024,Gravel,Italy,35,286.6
Hoelbling Luca,Rally2,5,Foligno,10/03/2024,Gravel,Italy,36,288.2
Sotiropoulos N,Rally4,5,Foligno,10/03/2024,Gravel,Italy,37,289.1
Vargiu Giacomo,Rally4,5,Foligno,10/03/2024,Gravel,Italy,38,293.3
Solitro Fabio ,Rally4,5,Foligno,10/03/2024,Gravel,Italy,39,293.8
Casarin Matteo,N4,5,Foligno,10/03/2024,Gravel,Italy,40,295.2
Pierulivo Leon,Rally4,5,Foligno,10/03/2024,Gravel,Italy,41,295.9
Lavio Jaakko  ,Rally2,5,Foligno,10/03/2024,Gravel,Italy,42,298.0
Biondi Sergio ,Rally4,5,Foligno,10/03/2024,Gravel,Italy,43,302.0
Leonessi Marco,ly4/R2,5,Foligno,10/03/2024,Gravel,Italy,44,307.1
Piccardo Andre,ly4/R2,5,Foligno,10/03/2024,Gravel,Italy,45,308.5
Mangiarotti Ma,ver 55,5,Foligno,10/03/2024,Gravel,Italy,46,309.0
Stoppioni Save,ver 55,5,Foligno,10/03/2024,Gravel,Italy,47,312.2
Scalzotto Andr,6 Plus,5,Foligno,10/03/2024,Gravel,Italy,48,312.4
Gherardi Chris,ly4/R2,5,Foligno,10/03/2024,Gravel,Italy,49,320.4
Bentivogli Gia,der 25,5,Foligno,10/03/2024,Gravel,Italy,50,328.2
Olevano Alessa,ver 55,5,Foligno,10/03/2024,Gravel,Italy,51,344.0
Manera Luca  -,ver 55,5,Foligno,10/03/2024,Gravel,Italy,52,362.4
Robone Andrea ,A0,5,Foligno,10/03/2024,Gravel,Italy,53,388.8
Vidori Asia  -,Female,5,Foligno,10/03/2024,Gravel,Italy,54,436.9
Bitti Giuseppe,der 25,5,Foligno,10/03/2024,Gravel,Italy,55,494.4
Heikkilä Mikko,Rally2,6,Foligno,10/03/2024,Gravel,Italy,1,265.7
Scandola Umber,Rally2,6,Foligno,10/03/2024,Gravel,Italy,2,269.6
Battistolli A.,Rally2,6,Foligno,10/03/2024,Gravel,Italy,3,269.9
Novak Aljoša  ,Rally2,6,Foligno,10/03/2024,Gravel,Italy,4,274.5
Gamba Matteo  ,Rally2,6,Foligno,10/03/2024,Gravel,Italy,5,276.5
Lavio Jaakko  ,Rally2,6,Foligno,10/03/2024,Gravel,Italy,6,276.8
Romagna Simone,Rally2,6,Foligno,10/03/2024,Gravel,Italy,7,276.8
Tali Nicola  -,Rally2,6,Foligno,10/03/2024,Gravel,Italy,8,277.1
Müller Liam  -,der 25,6,Foligno,10/03/2024,Gravel,Italy,9,278.7
Quilichini J. ,Rally2,6,Foligno,10/03/2024,Gravel,Italy,10,281.9
Tiramani Chris,der 25,6,Foligno,10/03/2024,Gravel,Italy,11,282.2
Hoelbling Luca,Rally2,6,Foligno,10/03/2024,Gravel,Italy,12,282.4
Molinaro Tamar,Female,6,Foligno,10/03/2024,Gravel,Italy,13,286.3
Gianesini Marc,ver 55,6,Foligno,10/03/2024,Gravel,Italy,14,286.6
Epis Filippo  ,Rally2,6,Foligno,10/03/2024,Gravel,Italy,15,286.8
Fontana Matteo,der 25,6,Foligno,10/03/2024,Gravel,Italy,16,289.7
Rizzo Marcello,Rally2,6,Foligno,10/03/2024,Gravel,Italy,17,291.2
Roncoroni Marc,Rally2,6,Foligno,10/03/2024,Gravel,Italy,18,291.4
Vagnini Jader ,Rally2,6,Foligno,10/03/2024,Gravel,Italy,19,292.4
Squarcialupi M,Rally2,6,Foligno,10/03/2024,Gravel,Italy,20,301.7
Negri Alessand,N5,6,Foligno,10/03/2024,Gravel,Italy,21,307.2
Campagnoli Gab,Rally3,6,Foligno,10/03/2024,Gravel,Italy,22,307.7
Prosenc Borut ,Rally4,6,Foligno,10/03/2024,Gravel,Italy,23,307.7
Nerobutto G.  ,der 25,6,Foligno,10/03/2024,Gravel,Italy,24,313.1
Cazzaro Nicola,Rally4,6,Foligno,10/03/2024,Gravel,Italy,25,314.4
Casarin Matteo,N4,6,Foligno,10/03/2024,Gravel,Italy,26,314.8
Milani Michele,N4,6,Foligno,10/03/2024,Gravel,Italy,27,318.5
Sotiropoulos N,Rally4,6,Foligno,10/03/2024,Gravel,Italy,28,318.6
Marchioro Nico,Rally4,6,Foligno,10/03/2024,Gravel,Italy,29,320.2
Müller Jonas  ,der 25,6,Foligno,10/03/2024,Gravel,Italy,30,320.9
Bartolini Davi,Rally4,6,Foligno,10/03/2024,Gravel,Italy,31,321.2
Diserò Luca  -,Rally4,6,Foligno,10/03/2024,Gravel,Italy,32,323.5
Leuratti Giorg,Rally4,6,Foligno,10/03/2024,Gravel,Italy,33,323.8
Savio Michael ,Rally5,6,Foligno,10/03/2024,Gravel,Italy,34,324.1
Biondi Sergio ,Rally4,6,Foligno,10/03/2024,Gravel,Italy,35,326.6
Vargiu Giacomo,Rally4,6,Foligno,10/03/2024,Gravel,Italy,36,327.0
Marrone Stefan,Rally4,6,Foligno,10/03/2024,Gravel,Italy,37,327.2
Solitro Fabio ,Rally4,6,Foligno,10/03/2024,Gravel,Italy,38,328.3
Ricciardi Fran,Rally4,6,Foligno,10/03/2024,Gravel,Italy,39,329.2
Bitti Giuseppe,der 25,6,Foligno,10/03/2024,Gravel,Italy,40,329.7
Pierulivo Leon,Rally4,6,Foligno,10/03/2024,Gravel,Italy,41,330.3
Caldart Claudi,ver 55,6,Foligno,10/03/2024,Gravel,Italy,42,330.8
Martinelli Sam,R3,6,Foligno,10/03/2024,Gravel,Italy,43,331.7
Leonessi Marco,ly4/R2,6,Foligno,10/03/2024,Gravel,Italy,44,344.0
Mangiarotti Ma,ver 55,6,Foligno,10/03/2024,Gravel,Italy,45,344.4
Stoppioni Save,ver 55,6,Foligno,10/03/2024,Gravel,Italy,46,345.3
Scalzotto Andr,6 Plus,6,Foligno,10/03/2024,Gravel,Italy,47,351.8
Gherardi Chris,ly4/R2,6,Foligno,10/03/2024,Gravel,Italy,48,353.6
Piccardo Andre,ly4/R2,6,Foligno,10/03/2024,Gravel,Italy,49,354.1
Manera Luca  -,ver 55,6,Foligno,10/03/2024,Gravel,Italy,50,359.7
Bentivogli Gia,der 25,6,Foligno,10/03/2024,Gravel,Italy,51,371.1
Olevano Alessa,ver 55,6,Foligno,10/03/2024,Gravel,Italy,52,386.5
Robone Andrea ,A0,6,Foligno,10/03/2024,Gravel,Italy,53,478.5
Vidori Asia  -,Female,6,Foligno,10/03/2024,Gravel,Italy,54,495.9
Heikkilä Mikko,Rally2,7,Foligno,10/03/2024,Gravel,Italy,1,531.3
Battistolli A.,Rally2,7,Foligno,10/03/2024,Gravel,Italy,2,544.8
Romagna Simone,Rally2,7,Foligno,10/03/2024,Gravel,Italy,3,551.4
Lavio Jaakko  ,Rally2,7,Foligno,10/03/2024,Gravel,Italy,4,552.0
Tali Nicola  -,Rally2,7,Foligno,10/03/2024,Gravel,Italy,5,555.3
Tiramani Chris,der 25,7,Foligno,10/03/2024,Gravel,Italy,6,555.3
Gamba Matteo  ,Rally2,7,Foligno,10/03/2024,Gravel,Italy,7,556.0
Scandola Umber,Rally2,7,Foligno,10/03/2024,Gravel,Italy,8,557.0
Müller Liam  -,der 25,7,Foligno,10/03/2024,Gravel,Italy,9,560.3
Novak Aljoša  ,Rally2,7,Foligno,10/03/2024,Gravel,Italy,10,565.0
Quilichini J. ,Rally2,7,Foligno,10/03/2024,Gravel,Italy,11,566.4
Gianesini Marc,ver 55,7,Foligno,10/03/2024,Gravel,Italy,12,570.2
Fontana Matteo,der 25,7,Foligno,10/03/2024,Gravel,Italy,13,577.1
Molinaro Tamar,Female,7,Foligno,10/03/2024,Gravel,Italy,14,579.8
Roncoroni Marc,Rally2,7,Foligno,10/03/2024,Gravel,Italy,15,584.3
Epis Filippo  ,Rally2,7,Foligno,10/03/2024,Gravel,Italy,16,589.3
Vagnini Jader ,Rally2,7,Foligno,10/03/2024,Gravel,Italy,17,592.9
Rizzo Marcello,Rally2,7,Foligno,10/03/2024,Gravel,Italy,18,595.2
Campagnoli Gab,Rally3,7,Foligno,10/03/2024,Gravel,Italy,19,605.2
Marchioro Nico,Rally4,7,Foligno,10/03/2024,Gravel,Italy,20,611.3
Nerobutto G.  ,der 25,7,Foligno,10/03/2024,Gravel,Italy,21,614.2
Squarcialupi M,Rally2,7,Foligno,10/03/2024,Gravel,Italy,22,620.0
Müller Jonas  ,der 25,7,Foligno,10/03/2024,Gravel,Italy,23,623.0
Cazzaro Nicola,Rally4,7,Foligno,10/03/2024,Gravel,Italy,24,631.3
Bartolini Davi,Rally4,7,Foligno,10/03/2024,Gravel,Italy,25,638.2
Negri Alessand,N5,7,Foligno,10/03/2024,Gravel,Italy,26,639.4
Marrone Stefan,Rally4,7,Foligno,10/03/2024,Gravel,Italy,27,656.5
Caldart Claudi,ver 55,7,Foligno,10/03/2024,Gravel,Italy,28,658.5
Diserò Luca  -,Rally4,7,Foligno,10/03/2024,Gravel,Italy,29,660.0
Milani Michele,N4,7,Foligno,10/03/2024,Gravel,Italy,30,667.1
Casarin Matteo,N4,7,Foligno,10/03/2024,Gravel,Italy,31,679.0
Biondi Sergio ,Rally4,7,Foligno,10/03/2024,Gravel,Italy,32,680.7
Savio Michael ,Rally5,7,Foligno,10/03/2024,Gravel,Italy,33,683.7
Solitro Fabio ,Rally4,7,Foligno,10/03/2024,Gravel,Italy,34,688.1
Martinelli Sam,R3,7,Foligno,10/03/2024,Gravel,Italy,35,688.4
Sotiropoulos N,Rally4,7,Foligno,10/03/2024,Gravel,Italy,36,696.8
Vargiu Giacomo,Rally4,7,Foligno,10/03/2024,Gravel,Italy,37,697.0
Pierulivo Leon,Rally4,7,Foligno,10/03/2024,Gravel,Italy,38,705.2
Stoppioni Save,ver 55,7,Foligno,10/03/2024,Gravel,Italy,39,706.0
Leonessi Marco,ly4/R2,7,Foligno,10/03/2024,Gravel,Italy,40,706.2
Leuratti Giorg,Rally4,7,Foligno,10/03/2024,Gravel,Italy,41,708.2
Ricciardi Fran,Rally4,7,Foligno,10/03/2024,Gravel,Italy,42,711.1
Bitti Giuseppe,der 25,7,Foligno,10/03/2024,Gravel,Italy,43,715.8
Scalzotto Andr,6 Plus,7,Foligno,10/03/2024,Gravel,Italy,44,744.6
Piccardo Andre,ly4/R2,7,Foligno,10/03/2024,Gravel,Italy,45,750.1
Bentivogli Gia,der 25,7,Foligno,10/03/2024,Gravel,Italy,46,765.4
Manera Luca  -,ver 55,7,Foligno,10/03/2024,Gravel,Italy,47,770.7
Gherardi Chris,ly4/R2,7,Foligno,10/03/2024,Gravel,Italy,48,795.5
Mangiarotti Ma,ver 55,7,Foligno,10/03/2024,Gravel,Italy,49,826.2
Olevano Alessa,ver 55,7,Foligno,10/03/2024,Gravel,Italy,50,886.6
Robone Andrea ,A0,7,Foligno,10/03/2024,Gravel,Italy,51,985.7
Vidori Asia  -,Female,7,Foligno,10/03/2024,Gravel,Italy,52,1193.5
Heikkilä Mikko,Rally2,8,Foligno,10/03/2024,Gravel,Italy,1,267.2
Battistolli A.,Rally2,8,Foligno,10/03/2024,Gravel,Italy,2,270.8
Lavio Jaakko  ,Rally2,8,Foligno,10/03/2024,Gravel,Italy,3,274.5
Tiramani Chris,der 25,8,Foligno,10/03/2024,Gravel,Italy,4,274.5
Romagna Simone,Rally2,8,Foligno,10/03/2024,Gravel,Italy,5,276.4
Scandola Umber,Rally2,8,Foligno,10/03/2024,Gravel,Italy,6,278.1
Müller Liam  -,der 25,8,Foligno,10/03/2024,Gravel,Italy,7,281.7
Gamba Matteo  ,Rally2,8,Foligno,10/03/2024,Gravel,Italy,8,282.9
Quilichini J. ,Rally2,8,Foligno,10/03/2024,Gravel,Italy,9,288.6
Tali Nicola  -,Rally2,8,Foligno,10/03/2024,Gravel,Italy,10,293.1
Vagnini Jader ,Rally2,8,Foligno,10/03/2024,Gravel,Italy,11,293.2
Gianesini Marc,ver 55,8,Foligno,10/03/2024,Gravel,Italy,12,293.9
Fontana Matteo,der 25,8,Foligno,10/03/2024,Gravel,Italy,13,295.4
Molinaro Tamar,Female,8,Foligno,10/03/2024,Gravel,Italy,14,297.9
Novak Aljoša  ,Rally2,8,Foligno,10/03/2024,Gravel,Italy,15,301.2
Nerobutto G.  ,der 25,8,Foligno,10/03/2024,Gravel,Italy,16,302.1
Epis Filippo  ,Rally2,8,Foligno,10/03/2024,Gravel,Italy,17,304.2
Marchioro Nico,Rally4,8,Foligno,10/03/2024,Gravel,Italy,18,304.2
Rizzo Marcello,Rally2,8,Foligno,10/03/2024,Gravel,Italy,19,311.0
Müller Jonas  ,der 25,8,Foligno,10/03/2024,Gravel,Italy,20,312.0
Cazzaro Nicola,Rally4,8,Foligno,10/03/2024,Gravel,Italy,21,313.0
Negri Alessand,N5,8,Foligno,10/03/2024,Gravel,Italy,22,316.2
Leuratti Giorg,Rally4,8,Foligno,10/03/2024,Gravel,Italy,23,316.6
Squarcialupi M,Rally2,8,Foligno,10/03/2024,Gravel,Italy,24,317.7
Roncoroni Marc,Rally2,8,Foligno,10/03/2024,Gravel,Italy,25,320.4
Caldart Claudi,ver 55,8,Foligno,10/03/2024,Gravel,Italy,26,321.5
Bartolini Davi,Rally4,8,Foligno,10/03/2024,Gravel,Italy,27,321.5
Biondi Sergio ,Rally4,8,Foligno,10/03/2024,Gravel,Italy,28,325.2
Milani Michele,N4,8,Foligno,10/03/2024,Gravel,Italy,29,326.8
Campagnoli Gab,Rally3,8,Foligno,10/03/2024,Gravel,Italy,30,327.2
Diserò Luca  -,Rally4,8,Foligno,10/03/2024,Gravel,Italy,31,329.5
Sotiropoulos N,Rally4,8,Foligno,10/03/2024,Gravel,Italy,32,331.6
Pierulivo Leon,Rally4,8,Foligno,10/03/2024,Gravel,Italy,33,333.6
Martinelli Sam,R3,8,Foligno,10/03/2024,Gravel,Italy,34,335.0
Marrone Stefan,Rally4,8,Foligno,10/03/2024,Gravel,Italy,35,335.3
Savio Michael ,Rally5,8,Foligno,10/03/2024,Gravel,Italy,36,336.0
Vargiu Giacomo,Rally4,8,Foligno,10/03/2024,Gravel,Italy,37,336.5
Solitro Fabio ,Rally4,8,Foligno,10/03/2024,Gravel,Italy,38,338.5
Ricciardi Fran,Rally4,8,Foligno,10/03/2024,Gravel,Italy,39,338.8
Leonessi Marco,ly4/R2,8,Foligno,10/03/2024,Gravel,Italy,40,343.5
Casarin Matteo,N4,8,Foligno,10/03/2024,Gravel,Italy,41,345.1
Bitti Giuseppe,der 25,8,Foligno,10/03/2024,Gravel,Italy,42,346.6
Piccardo Andre,ly4/R2,8,Foligno,10/03/2024,Gravel,Italy,43,350.4
Scalzotto Andr,6 Plus,8,Foligno,10/03/2024,Gravel,Italy,44,358.6
Bentivogli Gia,der 25,8,Foligno,10/03/2024,Gravel,Italy,45,361.0
Manera Luca  -,ver 55,8,Foligno,10/03/2024,Gravel,Italy,46,362.6
Mangiarotti Ma,ver 55,8,Foligno,10/03/2024,Gravel,Italy,47,367.9
Gherardi Chris,ly4/R2,8,Foligno,10/03/2024,Gravel,Italy,48,383.0
Stoppioni Save,ver 55,8,Foligno,10/03/2024,Gravel,Italy,49,383.7
Olevano Alessa,ver 55,8,Foligno,10/03/2024,Gravel,Italy,50,393.8
Robone Andrea ,A0,8,Foligno,10/03/2024,Gravel,Italy,51,448.0
Vidori Asia  -,Female,8,Foligno,10/03/2024,Gravel,Italy,52,473.0
Heikkilä Mikko,Rally2,9,Foligno,10/03/2024,Gravel,Italy,1,298.4
Gamba Matteo  ,Rally2,9,Foligno,10/03/2024,Gravel,Italy,2,299.7
Tali Nicola  -,Rally2,9,Foligno,10/03/2024,Gravel,Italy,3,300.0
Lavio Jaakko  ,Rally2,9,Foligno,10/03/2024,Gravel,Italy,4,302.5
Romagna Simone,Rally2,9,Foligno,10/03/2024,Gravel,Italy,5,303.2
Battistolli A.,Rally2,9,Foligno,10/03/2024,Gravel,Italy,6,307.3
Scandola Umber,Rally2,9,Foligno,10/03/2024,Gravel,Italy,7,307.9
Müller Liam  -,der 25,9,Foligno,10/03/2024,Gravel,Italy,8,308.6
Novak Aljoša  ,Rally2,9,Foligno,10/03/2024,Gravel,Italy,9,308.7
Quilichini J. ,Rally2,9,Foligno,10/03/2024,Gravel,Italy,10,311.8
Gianesini Marc,ver 55,9,Foligno,10/03/2024,Gravel,Italy,11,314.5
Tiramani Chris,der 25,9,Foligno,10/03/2024,Gravel,Italy,12,316.2
Epis Filippo  ,Rally2,9,Foligno,10/03/2024,Gravel,Italy,13,319.1
Molinaro Tamar,Female,9,Foligno,10/03/2024,Gravel,Italy,14,328.5
Vagnini Jader ,Rally2,9,Foligno,10/03/2024,Gravel,Italy,15,329.2
Marchioro Nico,Rally4,9,Foligno,10/03/2024,Gravel,Italy,16,329.9
Roncoroni Marc,Rally2,9,Foligno,10/03/2024,Gravel,Italy,17,331.1
Campagnoli Gab,Rally3,9,Foligno,10/03/2024,Gravel,Italy,18,332.6
Nerobutto G.  ,der 25,9,Foligno,10/03/2024,Gravel,Italy,19,333.0
Rizzo Marcello,Rally2,9,Foligno,10/03/2024,Gravel,Italy,20,334.6
Fontana Matteo,der 25,9,Foligno,10/03/2024,Gravel,Italy,21,335.1
Marrone Stefan,Rally4,9,Foligno,10/03/2024,Gravel,Italy,22,339.8
Solitro Fabio ,Rally4,9,Foligno,10/03/2024,Gravel,Italy,23,340.5
Müller Jonas  ,der 25,9,Foligno,10/03/2024,Gravel,Italy,24,340.8
Sotiropoulos N,Rally4,9,Foligno,10/03/2024,Gravel,Italy,25,342.1
Bartolini Davi,Rally4,9,Foligno,10/03/2024,Gravel,Italy,26,342.3
Cazzaro Nicola,Rally4,9,Foligno,10/03/2024,Gravel,Italy,27,342.4
Biondi Sergio ,Rally4,9,Foligno,10/03/2024,Gravel,Italy,28,343.1
Diserò Luca  -,Rally4,9,Foligno,10/03/2024,Gravel,Italy,29,347.4
Caldart Claudi,ver 55,9,Foligno,10/03/2024,Gravel,Italy,30,347.9
Casarin Matteo,N4,9,Foligno,10/03/2024,Gravel,Italy,31,348.0
Milani Michele,N4,9,Foligno,10/03/2024,Gravel,Italy,32,351.1
Pierulivo Leon,Rally4,9,Foligno,10/03/2024,Gravel,Italy,33,351.4
Negri Alessand,N5,9,Foligno,10/03/2024,Gravel,Italy,34,352.5
Martinelli Sam,R3,9,Foligno,10/03/2024,Gravel,Italy,35,355.9
Savio Michael ,Rally5,9,Foligno,10/03/2024,Gravel,Italy,36,356.2
Leuratti Giorg,Rally4,9,Foligno,10/03/2024,Gravel,Italy,37,356.6
Vargiu Giacomo,Rally4,9,Foligno,10/03/2024,Gravel,Italy,38,356.9
Bitti Giuseppe,der 25,9,Foligno,10/03/2024,Gravel,Italy,39,357.6
Squarcialupi M,Rally2,9,Foligno,10/03/2024,Gravel,Italy,40,358.3
Ricciardi Fran,Rally4,9,Foligno,10/03/2024,Gravel,Italy,41,361.3
Leonessi Marco,ly4/R2,9,Foligno,10/03/2024,Gravel,Italy,42,366.2
Piccardo Andre,ly4/R2,9,Foligno,10/03/2024,Gravel,Italy,43,377.8
Manera Luca  -,ver 55,9,Foligno,10/03/2024,Gravel,Italy,44,387.5
Scalzotto Andr,6 Plus,9,Foligno,10/03/2024,Gravel,Italy,45,394.6
Mangiarotti Ma,ver 55,9,Foligno,10/03/2024,Gravel,Italy,46,394.7
Gherardi Chris,ly4/R2,9,Foligno,10/03/2024,Gravel,Italy,47,397.0
Stoppioni Save,ver 55,9,Foligno,10/03/2024,Gravel,Italy,48,406.2
Bentivogli Gia,der 25,9,Foligno,10/03/2024,Gravel,Italy,49,408.3
Olevano Alessa,ver 55,9,Foligno,10/03/2024,Gravel,Italy,50,447.2
Robone Andrea ,A0,9,Foligno,10/03/2024,Gravel,Italy,51,557.3
Vidori Asia  -,Female,9,Foligno,10/03/2024,Gravel,Italy,52,591.3
