Pos.,No,Crew,Gr/Cl,ss_time,Diff,Speed,ss
1,#9,Todeschini F.  - De Castelli S. Hyundai i20 N Rally2,R5/Rally2,6:23.8,,83.6,1
2,#3,Gryazin Nikolay  - Aleksandrov K. Škoda Fabia Rally2 evo,R5/Rally2,6:24.9,+1.1 +  1.1,83.3 0.12,1
3,#1,Andreucci Paolo  - Briani Rudy Škoda Fabia Rally2 evo,R5/Rally2 Over 55,6:29.6,+5.8 +  4.7,82.3 0.65,1
4,#2,Ciuffi Tommaso  - Cigni Pietro Škoda Fabia Rally2 evo,R5/Rally2,6:35.0,+11.2 +  5.4,81.2 1.26,1
5,#8,Oldrati Enrico  - De Guio Elia Škoda Fabia Rally2 evo,R5/Rally2,6:37.8,+14.0 +  2.8,80.6 1.57,1
6,#19,Bresolin Edoardo  - Pollet Rudy Škoda Fabia Rally2 evo,R5/Rally2,6:39.9,+16.1 +  2.1,80.2 1.81,1
7,#12,Dati Emanuele  - Ciucci Giacomo Škoda Fabia Rally2 evo,R5/Rally2,6:43.2,+19.4 +  3.3,79.6 2.18,1
8,#18,Quilichini J.  - Belhacène M. Škoda Fabia R5,R5/Rally2,6:46.2,+22.4 +  3.0,79.0 2.51,1
9,#6,Vagnini Jader  - Musiari Martina Škoda Fabia R5,R5/Rally2,6:47.3,+23.5 +  1.1,78.8 2.64,1
10,#29,Aligizakis E.  - Amaxopoulos D. Škoda Fabia R5,R5/Rally2,6:47.8,+24.0 +  0.5,78.7 2.69,1
11,#21,Epis Filippo  - Zanni Gabriele Škoda Fabia R5,R5/Rally2,6:55.8,+32.0 +  8.0,77.1 3.59,1
12,#16,Tali Nicola  - Frau Massimiliano Škoda Fabia Rally2 evo,R5/Rally2,6:56.4,+32.6 +  0.6,77.0 3.66,1
13,#34,Travaglia Aronne  - Brachi Simone Ford Fiesta N5,N5,6:56.9,+33.1 +  0.5,76.9 3.71,1
14,#15,Hoelbling Luca  - Righetti Stefano Škoda Fabia Rally2 evo,R5/Rally2,6:59.3,+35.5 +  2.4,76.5 3.98,1
15,#11,Grossi A.  - Cardinali F. Škoda Fabia R5,R5/Rally2 Under 25,7:00.6,+36.8 +  1.3,76.3 4.13,1
16,#31,Tavelli Gianluca  - Cottellero N. Škoda Fabia Rally2 evo,R5/Rally2,7:01.0,+37.2 +  0.4,76.2 4.18,1
17,#26,Griotti Daniele  - Grimaldi Fabio Škoda Fabia Rally2 evo,R5/Rally2 Over 55,7:02.1,+38.3 +  1.1,76.0 4.30,1
18,#25,Roncoroni Marco  - Brusadelli P. Škoda Fabia Rally2 evo,R5/Rally2,7:02.9,+39.1 +  0.8,75.8 4.39,1
19,#51,Fontana Matteo  - Arnaboldi A. Peugeot 208 Rally4,Rally4 Under 25,7:03.4,+39.6 +  0.5,75.8 4.44,1
20,#37,Mattonen  - Taglienti Giulia Mitsubishi Lancer Evo X,N4,7:04.2,+40.4 +  0.8,75.6 4.53,1
21,#49,Cogni Giorgio  - Colapietro Andrea Peugeot 208 Rally4,Rally4,7:04.4,+40.6 +  0.2,75.6 4.56,1
22,#54,Pesavento Davide  - Zaramella M. Peugeot 208 Rally4,Rally4 Under 25,7:06.7,+42.9 +  2.3,75.2 4.81,1
23,#42,Temeroli Simone  - Simoncini D. Mitsubishi Lancer Evo IX,N4,7:08.0,+44.2 +  1.3,74.9 4.96,1
24,#39,Peljhan Darko  - Čar Matej Mitsubishi Lancer Evo IX,N4,7:10.2,+46.4 +  2.2,74.6 5.21,1
25,#27,Pavlidis Nikos  - Harryman Allan Škoda Fabia Rally2 evo,R5/Rally2 Over 55,7:11.6,+47.8 +  1.4,74.3 5.36,1
26,#52,Marchioro Nicolò  - Marchetti M. Peugeot 208 Rally4,Rally4,7:16.3,+52.5 +  4.7,73.5 5.89,1
27,#55,Ancillotti L.  - Ancillotti C. Peugeot 208 Rally4,Rally4,7:16.5,+52.7 +  0.2,73.5 5.91,1
28,#35,Rossetto Alessandro  - Lazzer M. Volkswagen Polo MK5 N5,N5,7:19.2,+55.4 +  2.7,73.0 6.22,1
29,#22,Squarcialupi M.  - Squarcialupi G. Hyundai i20 N Rally2,R5/Rally2,7:19.5,+55.7 +  0.3,73.0 6.25,1
30,#41,Milani Michele  - Camazzola C. Mitsubishi Lancer Evo VII,N4,7:20.2,+56.4 +  0.7,72.9 6.33,1
31,#59,Bartolini Davide  - Selva Roberto Peugeot 208 Rally4,Rally4,7:22.3,+58.5 +  2.1,72.5 6.57,1
32,#56,Pierulivo Leonardo  - Ferrigno E. Peugeot 208 Rally4,Rally4 Under 25,7:24.5,+1:00.7 +  2.2,72.2 6.81,1
33,#33,Rigo Riccardo  - Darderi Daiana Citroën DS3 N5,N5,7:24.9,+1:01.1 +  0.4,72.1 6.86,1
34,#44,Piccolotto Michele  - Marchiori M. Mitsubishi Lancer Evo X,N4,7:25.5,+1:01.7 +  0.6,72.0 6.92,1
35,#86,Prosenc Borut  - Selan Blaž Renault Clio Rally5,Rally5,7:26.3,+1:02.5 +  0.8,71.9 7.01,1
36,#58,Brancadori Alberto  - Pollini C. Peugeot 208 Rally4,Rally4 Over 55,7:26.6,+1:02.8 +  0.3,71.8 7.05,1
37,#74,Zorzi Alessandro  - Franzoni R. Peugeot 208 R2,Rally4/R2,7:29.5,+1:05.7 +  2.9,71.4 7.37,1
38,#57,Stella Manuele  - Refondini Sara Peugeot 208 Rally4,Rally4,7:29.7,+1:05.9 +  0.2,71.3 7.40,1
39,#43,Marrini Stefano  - Valentini S. Mitsubishi Lancer Evo IX,N4,7:30.4,+1:06.6 +  0.7,71.2 7.47,1
40,#72,Leuratti Giorgio  - Del Rio L. Peugeot 208 Rally4,Rally4,7:30.7,+1:06.9 +  0.3,71.2 7.51,1
41,#53,Diserò Luca  - Manocchi Giada Peugeot 208 Rally4,Rally4,7:31.8,+1:08.0 +  1.1,71.0 7.63,1
42,#28,Barni Maurizio  - Zanella Flavio Škoda Fabia Rally2 evo,R5/Rally2,7:32.6,+1:08.8 +  0.8,70.9 7.72,1
43,#83,Solitro Fabio  - Porzio Alberto Renault Clio Rally5,Rally5 Under 25,7:32.9,+1:09.1 +  0.3,70.8 7.76,1
44,#47,Verbilli P.  - Montavoci S. Renault Clio R3,R3,7:33.1,+1:09.3 +  0.2,70.8 7.78,1
45,#85,Savio Michael  - De Bernardini N. Renault Clio Rally5,Rally5,7:37.0,+1:13.2 +  3.9,70.2 8.22,1
46,#82,Lani Alessandro  - Amaducci Gianni Peugeot 206 RC,A7 Under 25,7:37.3,+1:13.5 +  0.3,70.1 8.25,1
47,#48,Giovani Giuliano  - Rossi Fabio Renault Clio R3,R3,7:39.0,+1:15.2 +  1.7,69.9 8.44,1
48,#76,Ricciardi Franco  - Bartolucci M. Peugeot 208 R2,Rally4/R2,7:39.3,+1:15.5 +  0.3,69.8 8.47,1
49,#73,Rousopoulos Christos  - Moukas E. Peugeot 208 Rally4,Rally4,7:40.1,+1:16.3 +  0.8,69.7 8.56,1
50,#38,Santoro Luca  - Bragaglia Davide Mitsubishi Lancer Evo IX,N4,7:41.8,+1:18.0 +  1.7,69.5 8.75,1
51,#84,Nannetti Filippo  - Tasi Alessia Renault Clio Rally5,Rally5,7:41.9,+1:18.1 +  0.1,69.4 8.77,1
52,#46,Tosetto P.  - Gallinaro E. Ford Fiesta Rally3,Rally3 Under 25,7:45.8,+1:22.0 +  3.9,68.9 9.20,1
53,#32,Avandero Stefano  - Tricoli G. Citroën C3 Rally2,R5/Rally2,7:48.0,+1:24.2 +  2.2,68.5 9.45,1
54,#75,Frare Luca  - Rücker S. Peugeot 208 R2,Rally4/R2,7:50.7,+1:26.9 +  2.7,68.1 9.75,1
55,#45,Casarin Matteo  - De Bastiani Sara Mitsubishi Lancer Evo VII,N4,7:53.3,+1:29.5 +  2.6,67.8 10.0,1
56,#89,Lanci Maicol  - De Luca Fabio Citroën Saxo VTS,N2,7:57.7,+1:33.9 +  4.4,67.1 10.5,1
57,#78,Ongaro Germano  - Toffano Mattia Renault Clio RS,N3,8:09.1,+1:45.3 +  11.4,65.6 11.8,1
58,#81,Arati Mauro  - Musolesi Andrea Renault Clio RS,N3,8:09.2,+1:45.4 +  0.1,65.6 11.8,1
59,#79,Cerroni Wiliam  - Cicciarelli F. Renault Clio RS Light,N3,8:11.1,+1:47.3 +  1.9,65.3 12.0,1
60,#77,Bentivogli Giacomo  - Guzzi G. Seat Ibiza 2.0 GTi 16V,A7 Under 25,8:23.3,+1:59.5 +  12.2,63.7 13.4,1
61,#91,Olevano Emmanuele  - De Filippi S. Suzuki Swift Sport MK4,N2 Under 25,8:33.8,+2:10.0 +  10.5,62.4 14.6,1
62,#88,Pregheffi M.  - Lamberti Zanardi A. Mini Cooper S,RSTB 1.6,8:43.2,+2:19.4 +  9.4,61.3 15.7,1
1,#3,Gryazin Nikolay  - Aleksandrov K. Škoda Fabia Rally2 evo,R5/Rally2,6:02.2,,92.2,2
2,#9,Todeschini F.  - De Castelli S. Hyundai i20 N Rally2,R5/Rally2,6:02.4,+0.2 +  0.2,92.2 0.02,2
3,#1,Andreucci Paolo  - Briani Rudy Škoda Fabia Rally2 evo,R5/Rally2 Over 55,6:06.3,+4.1 +  3.9,91.2 0.44,2
4,#12,Dati Emanuele  - Ciucci Giacomo Škoda Fabia Rally2 evo,R5/Rally2,6:08.6,+6.4 +  2.3,90.6 0.69,2
5,#19,Bresolin Edoardo  - Pollet Rudy Škoda Fabia Rally2 evo,R5/Rally2,6:10.8,+8.6 +  2.2,90.1 0.93,2
6,#18,Quilichini J.  - Belhacène M. Škoda Fabia R5,R5/Rally2,6:13.4,+11.2 +  2.6,89.5 1.21,2
7,#2,Ciuffi Tommaso  - Cigni Pietro Škoda Fabia Rally2 evo,R5/Rally2,6:14.2,+12.0 +  0.8,89.3 1.29,2
8,#8,Oldrati Enrico  - De Guio Elia Škoda Fabia Rally2 evo,R5/Rally2,6:14.8,+12.6 +  0.6,89.1 1.36,2
9,#15,Hoelbling Luca  - Righetti Stefano Škoda Fabia Rally2 evo,R5/Rally2,6:23.0,+20.8 +  8.2,87.2 2.24,2
10,#6,Vagnini Jader  - Musiari Martina Škoda Fabia R5,R5/Rally2,6:24.7,+22.5 +  1.7,86.8 2.42,2
11,#11,Grossi A.  - Cardinali F. Škoda Fabia R5,R5/Rally2 Under 25,6:25.7,+23.5 +  1.0,86.6 2.53,2
12,#29,Aligizakis E.  - Amaxopoulos D. Škoda Fabia R5,R5/Rally2,6:25.9,+23.7 +  0.2,86.6 2.55,2
13,#31,Tavelli Gianluca  - Cottellero N. Škoda Fabia Rally2 evo,R5/Rally2,6:31.9,+29.7 +  6.0,85.2 3.20,2
14,#49,Cogni Giorgio  - Colapietro Andrea Peugeot 208 Rally4,Rally4,6:35.8,+33.6 +  3.9,84.4 3.62,2
15,#51,Fontana Matteo  - Arnaboldi A. Peugeot 208 Rally4,Rally4 Under 25,6:36.1,+33.9 +  0.3,84.3 3.65,2
16,#21,Epis Filippo  - Zanni Gabriele Škoda Fabia R5,R5/Rally2,6:36.2,+34.0 +  0.1,84.3 3.66,2
17,#25,Roncoroni Marco  - Brusadelli P. Škoda Fabia Rally2 evo,R5/Rally2,6:39.1,+36.9 +  2.9,83.7 3.98,2
18,#34,Travaglia Aronne  - Brachi Simone Ford Fiesta N5,N5,6:39.5,+37.3 +  0.4,83.6 4.02,2
19,#22,Squarcialupi M.  - Squarcialupi G. Hyundai i20 N Rally2,R5/Rally2,6:42.4,+40.2 +  2.9,83.0 4.33,2
20,#54,Pesavento Davide  - Zaramella M. Peugeot 208 Rally4,Rally4 Under 25,6:43.5,+41.3 +  1.1,82.8 4.45,2
21,#32,Avandero Stefano  - Tricoli G. Citroën C3 Rally2,R5/Rally2,6:46.8,+44.6 +  3.3,82.1 4.81,2
22,#41,Milani Michele  - Camazzola C. Mitsubishi Lancer Evo VII,N4,6:56.9,+54.7 +  10.1,80.1 5.89,2
23,#42,Temeroli Simone  - Simoncini D. Mitsubishi Lancer Evo IX,N4,6:57.3,+55.1 +  0.4,80.1 5.94,2
24,#37,Mattonen  - Taglienti Giulia Mitsubishi Lancer Evo X,N4,6:57.5,+55.3 +  0.2,80.0 5.96,2
25,#59,Bartolini Davide  - Selva Roberto Peugeot 208 Rally4,Rally4,6:58.8,+56.6 +  1.3,79.8 6.10,2
26,#44,Piccolotto Michele  - Marchiori M. Mitsubishi Lancer Evo X,N4,7:00.5,+58.3 +  1.7,79.4 6.28,2
27,#57,Stella Manuele  - Refondini Sara Peugeot 208 Rally4,Rally4,7:00.7,+58.5 +  0.2,79.4 6.30,2
28,#33,Rigo Riccardo  - Darderi Daiana Citroën DS3 N5,N5,7:00.8,+58.6 +  0.1,79.4 6.31,2
29,#72,Leuratti Giorgio  - Del Rio L. Peugeot 208 Rally4,Rally4,7:01.0,+58.8 +  0.2,79.4 6.34,2
30,#35,Rossetto Alessandro  - Lazzer M. Volkswagen Polo MK5 N5,N5,7:02.9,+1:00.7 +  1.9,79.0 6.54,2
31,#74,Zorzi Alessandro  - Franzoni R. Peugeot 208 R2,Rally4/R2,7:03.3,+1:01.1 +  0.4,78.9 6.58,2
32,#86,Prosenc Borut  - Selan Blaž Renault Clio Rally5,Rally5,7:03.6,+1:01.4 +  0.3,78.9 6.62,2
33,#43,Marrini Stefano  - Valentini S. Mitsubishi Lancer Evo IX,N4,7:04.5,+1:02.3 +  0.9,78.7 6.71,2
34,#26,Griotti Daniele  - Grimaldi Fabio Škoda Fabia Rally2 evo,R5/Rally2 Over 55,7:04.9,+1:02.7 +  0.4,78.6 6.76,2
35,#58,Brancadori Alberto  - Pollini C. Peugeot 208 Rally4,Rally4 Over 55,7:06.0,+1:03.8 +  1.1,78.4 6.88,2
36,#28,Barni Maurizio  - Zanella Flavio Škoda Fabia Rally2 evo,R5/Rally2,7:06.1,+1:03.9 +  0.1,78.4 6.89,2
37,#53,Diserò Luca  - Manocchi Giada Peugeot 208 Rally4,Rally4,7:07.0,+1:04.8 +  0.9,78.2 6.98,2
38,#82,Lani Alessandro  - Amaducci Gianni Peugeot 206 RC,A7 Under 25,7:07.2,+1:05.0 +  0.2,78.2 7.00,2
39,#46,Tosetto P.  - Gallinaro E. Ford Fiesta Rally3,Rally3 Under 25,7:07.7,+1:05.5 +  0.5,78.1 7.06,2
40,#55,Ancillotti L.  - Ancillotti C. Peugeot 208 Rally4,Rally4,7:07.8,+1:05.6 +  0.1,78.1 7.07,2
41,#56,Pierulivo Leonardo  - Ferrigno E. Peugeot 208 Rally4,Rally4 Under 25,7:09.1,+1:06.9 +  1.3,77.9 7.21,2
42,#47,Verbilli P.  - Montavoci S. Renault Clio R3,R3,7:09.9,+1:07.7 +  0.8,77.7 7.30,2
43,#39,Peljhan Darko  - Čar Matej Mitsubishi Lancer Evo IX,N4,7:13.3,+1:11.1 +  3.4,77.1 7.66,2
44,#83,Solitro Fabio  - Porzio Alberto Renault Clio Rally5,Rally5 Under 25,7:13.9,+1:11.7 +  0.6,77.0 7.73,2
45,#48,Giovani Giuliano  - Rossi Fabio Renault Clio R3,R3,7:15.0,+1:12.8 +  1.1,76.8 7.84,2
46,#73,Rousopoulos Christos  - Moukas E. Peugeot 208 Rally4,Rally4,7:15.1,+1:12.9 +  0.1,76.8 7.86,2
47,#85,Savio Michael  - De Bernardini N. Renault Clio Rally5,Rally5,7:17.1,+1:14.9 +  2.0,76.4 8.07,2
48,#84,Nannetti Filippo  - Tasi Alessia Renault Clio Rally5,Rally5,7:20.2,+1:18.0 +  3.1,75.9 8.41,2
49,#76,Ricciardi Franco  - Bartolucci M. Peugeot 208 R2,Rally4/R2,7:21.6,+1:19.4 +  1.4,75.7 8.56,2
50,#45,Casarin Matteo  - De Bastiani Sara Mitsubishi Lancer Evo VII,N4,7:24.1,+1:21.9 +  2.5,75.2 8.83,2
51,#75,Frare Luca  - Rücker S. Peugeot 208 R2,Rally4/R2,7:28.8,+1:26.6 +  4.7,74.4 9.33,2
52,#89,Lanci Maicol  - De Luca Fabio Citroën Saxo VTS,N2,7:30.0,+1:27.8 +  1.2,74.2 9.46,2
53,#79,Cerroni Wiliam  - Cicciarelli F. Renault Clio RS Light,N3,7:35.2,+1:33.0 +  5.2,73.4 10.0,2
54,#38,Santoro Luca  - Bragaglia Davide Mitsubishi Lancer Evo IX,N4,7:39.1,+1:36.9 +  3.9,72.8 10.4,2
55,#81,Arati Mauro  - Musolesi Andrea Renault Clio RS,N3,7:39.2,+1:37.0 +  0.1,72.8 10.5,2
56,#78,Ongaro Germano  - Toffano Mattia Renault Clio RS,N3,7:53.5,+1:51.3 +  14.3,70.6 12.0,2
57,#88,Pregheffi M.  - Lamberti Zanardi A. Mini Cooper S,RSTB 1.6,7:56.6,+1:54.4 +  3.1,70.1 12.3,2
58,#77,Bentivogli Giacomo  - Guzzi G. Seat Ibiza 2.0 GTi 16V,A7 Under 25,7:57.2,+1:55.0 +  0.6,70.0 12.4,2
59,#91,Olevano Emmanuele  - De Filippi S. Suzuki Swift Sport MK4,N2 Under 25,8:21.3,+2:19.1 +  24.1,66.6 15.0,2
1,#9,Todeschini F.  - De Castelli S. Hyundai i20 N Rally2,R5/Rally2,4:12.2,,75.5,3
2,#3,Gryazin Nikolay  - Aleksandrov K. Škoda Fabia Rally2 evo,R5/Rally2,4:13.6,+1.4 +  1.4,75.1 0.26,3
3,#19,Bresolin Edoardo  - Pollet Rudy Škoda Fabia Rally2 evo,R5/Rally2,4:15.9,+3.7 +  2.3,74.4 0.70,3
4,#12,Dati Emanuele  - Ciucci Giacomo Škoda Fabia Rally2 evo,R5/Rally2,4:17.6,+5.4 +  1.7,73.9 1.02,3
5,#18,Quilichini J.  - Belhacène M. Škoda Fabia R5,R5/Rally2,4:17.7,+5.5 +  0.1,73.9 1.04,3
6,#1,Andreucci Paolo  - Briani Rudy Škoda Fabia Rally2 evo,R5/Rally2 Over 55,4:17.8,+5.6 +  0.1,73.9 1.06,3
7,#2,Ciuffi Tommaso  - Cigni Pietro Škoda Fabia Rally2 evo,R5/Rally2,4:19.8,+7.6 +  2.0,73.3 1.44,3
8,#8,Oldrati Enrico  - De Guio Elia Škoda Fabia Rally2 evo,R5/Rally2,4:21.8,+9.6 +  2.0,72.7 1.81,3
9,#26,Griotti Daniele  - Grimaldi Fabio Škoda Fabia Rally2 evo,R5/Rally2 Over 55,4:23.5,+11.3 +  1.7,72.3 2.14,3
10,#11,Grossi A.  - Cardinali F. Škoda Fabia R5,R5/Rally2 Under 25,4:26.1,+13.9 +  2.6,71.6 2.63,3
11,#15,Hoelbling Luca  - Righetti Stefano Škoda Fabia Rally2 evo,R5/Rally2,4:26.9,+14.7 +  0.8,71.4 2.78,3
11,#29,Aligizakis E.  - Amaxopoulos D. Škoda Fabia R5,R5/Rally2,4:26.9,+14.7 +  0.0,71.4 2.78,3
13,#31,Tavelli Gianluca  - Cottellero N. Škoda Fabia Rally2 evo,R5/Rally2,4:29.6,+17.4 +  2.7,70.6 3.29,3
14,#42,Temeroli Simone  - Simoncini D. Mitsubishi Lancer Evo IX,N4,4:29.9,+17.7 +  0.3,70.6 3.35,3
15,#6,Vagnini Jader  - Musiari Martina Škoda Fabia R5,R5/Rally2,4:30.6,+18.4 +  0.7,70.4 3.48,3
16,#51,Fontana Matteo  - Arnaboldi A. Peugeot 208 Rally4,Rally4 Under 25,4:30.7,+18.5 +  0.1,70.4 3.50,3
17,#25,Roncoroni Marco  - Brusadelli P. Škoda Fabia Rally2 evo,R5/Rally2,4:32.2,+20.0 +  1.5,70.0 3.78,3
18,#21,Epis Filippo  - Zanni Gabriele Škoda Fabia R5,R5/Rally2,4:32.7,+20.5 +  0.5,69.8 3.88,3
19,#49,Cogni Giorgio  - Colapietro Andrea Peugeot 208 Rally4,Rally4,4:37.7,+25.5 +  5.0,68.6 4.82,3
20,#32,Avandero Stefano  - Tricoli G. Citroën C3 Rally2,R5/Rally2,4:38.1,+25.9 +  0.4,68.5 4.90,3
21,#54,Pesavento Davide  - Zaramella M. Peugeot 208 Rally4,Rally4 Under 25,4:40.8,+28.6 +  2.7,67.8 5.41,3
22,#55,Ancillotti L.  - Ancillotti C. Peugeot 208 Rally4,Rally4,4:41.2,+29.0 +  0.4,67.7 5.48,3
23,#37,Mattonen  - Taglienti Giulia Mitsubishi Lancer Evo X,N4,4:41.6,+29.4 +  0.4,67.6 5.56,3
24,#39,Peljhan Darko  - Čar Matej Mitsubishi Lancer Evo IX,N4,4:41.8,+29.6 +  0.2,67.6 5.60,3
25,#86,Prosenc Borut  - Selan Blaž Renault Clio Rally5,Rally5,4:42.6,+30.4 +  0.8,67.4 5.75,3
26,#35,Rossetto Alessandro  - Lazzer M. Volkswagen Polo MK5 N5,N5,4:43.5,+31.3 +  0.9,67.2 5.92,3
27,#74,Zorzi Alessandro  - Franzoni R. Peugeot 208 R2,Rally4/R2,4:43.6,+31.4 +  0.1,67.2 5.94,3
28,#44,Piccolotto Michele  - Marchiori M. Mitsubishi Lancer Evo X,N4,4:44.6,+32.4 +  1.0,66.9 6.12,3
29,#41,Milani Michele  - Camazzola C. Mitsubishi Lancer Evo VII,N4,4:45.0,+32.8 +  0.4,66.8 6.20,3
30,#53,Diserò Luca  - Manocchi Giada Peugeot 208 Rally4,Rally4,4:45.5,+33.3 +  0.5,66.7 6.29,3
31,#59,Bartolini Davide  - Selva Roberto Peugeot 208 Rally4,Rally4,4:45.8,+33.6 +  0.3,66.6 6.35,3
32,#56,Pierulivo Leonardo  - Ferrigno E. Peugeot 208 Rally4,Rally4 Under 25,4:48.1,+35.9 +  2.3,66.1 6.79,3
33,#57,Stella Manuele  - Refondini Sara Peugeot 208 Rally4,Rally4,4:48.3,+36.1 +  0.2,66.1 6.82,3
34,#43,Marrini Stefano  - Valentini S. Mitsubishi Lancer Evo IX,N4,4:48.4,+36.2 +  0.1,66.0 6.84,3
35,#28,Barni Maurizio  - Zanella Flavio Škoda Fabia Rally2 evo,R5/Rally2,4:49.6,+37.4 +  1.2,65.8 7.07,3
36,#58,Brancadori Alberto  - Pollini C. Peugeot 208 Rally4,Rally4 Over 55,4:49.7,+37.5 +  0.1,65.7 7.09,3
37,#72,Leuratti Giorgio  - Del Rio L. Peugeot 208 Rally4,Rally4,4:51.4,+39.2 +  1.7,65.4 7.41,3
38,#83,Solitro Fabio  - Porzio Alberto Renault Clio Rally5,Rally5 Under 25,4:51.5,+39.3 +  0.1,65.3 7.43,3
39,#33,Rigo Riccardo  - Darderi Daiana Citroën DS3 N5,N5,4:52.1,+39.9 +  0.6,65.2 7.54,3
40,#47,Verbilli P.  - Montavoci S. Renault Clio R3,R3,4:52.3,+40.1 +  0.2,65.2 7.58,3
41,#84,Nannetti Filippo  - Tasi Alessia Renault Clio Rally5,Rally5,4:52.5,+40.3 +  0.2,65.1 7.62,3
42,#76,Ricciardi Franco  - Bartolucci M. Peugeot 208 R2,Rally4/R2,4:53.8,+41.6 +  1.3,64.8 7.86,3
43,#85,Savio Michael  - De Bernardini N. Renault Clio Rally5,Rally5,4:54.7,+42.5 +  0.9,64.6 8.03,3
44,#82,Lani Alessandro  - Amaducci Gianni Peugeot 206 RC,A7 Under 25,4:55.0,+42.8 +  0.3,64.6 8.09,3
45,#73,Rousopoulos Christos  - Moukas E. Peugeot 208 Rally4,Rally4,4:55.5,+43.3 +  0.5,64.4 8.19,3
46,#22,Squarcialupi M.  - Squarcialupi G. Hyundai i20 N Rally2,R5/Rally2,4:56.1,+43.9 +  0.6,64.3 8.30,3
47,#45,Casarin Matteo  - De Bastiani Sara Mitsubishi Lancer Evo VII,N4,4:56.9,+44.7 +  0.8,64.1 8.45,3
48,#75,Frare Luca  - Rücker S. Peugeot 208 R2,Rally4/R2,4:58.7,+46.5 +  1.8,63.8 8.79,3
49,#48,Giovani Giuliano  - Rossi Fabio Renault Clio R3,R3,4:58.8,+46.6 +  0.1,63.7 8.81,3
50,#34,Travaglia Aronne  - Brachi Simone Ford Fiesta N5,N5,5:00.1,+47.9 +  1.3,63.5 9.05,3
51,#89,Lanci Maicol  - De Luca Fabio Citroën Saxo VTS,N2,5:02.6,+50.4 +  2.5,62.9 9.53,3
52,#38,Santoro Luca  - Bragaglia Davide Mitsubishi Lancer Evo IX,N4,5:09.9,+57.7 +  7.3,61.5 10.9,3
53,#79,Cerroni Wiliam  - Cicciarelli F. Renault Clio RS Light,N3,5:16.5,+1:04.3 +  6.6,60.2 12.2,3
54,#77,Bentivogli Giacomo  - Guzzi G. Seat Ibiza 2.0 GTi 16V,A7 Under 25,5:18.3,+1:06.1 +  1.8,59.8 12.5,3
55,#78,Ongaro Germano  - Toffano Mattia Renault Clio RS,N3,5:19.4,+1:07.2 +  1.1,59.6 12.7,3
56,#88,Pregheffi M.  - Lamberti Zanardi A. Mini Cooper S,RSTB 1.6,5:19.6,+1:07.4 +  0.2,59.6 12.7,3
57,#81,Arati Mauro  - Musolesi Andrea Renault Clio RS,N3,5:20.5,+1:08.3 +  0.9,59.4 12.9,3
58,#91,Olevano Emmanuele  - De Filippi S. Suzuki Swift Sport MK4,N2 Under 25,5:47.1,+1:34.9 +  26.6,54.9 17.9,3
1,#3,Gryazin Nikolay  - Aleksandrov K. Škoda Fabia Rally2 evo,R5/Rally2,6:12.8,,86.0,4
2,#1,Andreucci Paolo  - Briani Rudy Škoda Fabia Rally2 evo,R5/Rally2 Over 55,6:13.5,+0.7 +  0.7,85.9 0.08,4
3,#9,Todeschini F.  - De Castelli S. Hyundai i20 N Rally2,R5/Rally2,6:15.3,+2.5 +  1.8,85.5 0.28,4
4,#8,Oldrati Enrico  - De Guio Elia Škoda Fabia Rally2 evo,R5/Rally2,6:17.9,+5.1 +  2.6,84.9 0.57,4
5,#12,Dati Emanuele  - Ciucci Giacomo Škoda Fabia Rally2 evo,R5/Rally2,6:20.9,+8.1 +  3.0,84.2 0.91,4
6,#6,Vagnini Jader  - Musiari Martina Škoda Fabia R5,R5/Rally2,6:21.0,+8.2 +  0.1,84.2 0.92,4
7,#19,Bresolin Edoardo  - Pollet Rudy Škoda Fabia Rally2 evo,R5/Rally2,6:21.9,+9.1 +  0.9,84.0 1.02,4
8,#18,Quilichini J.  - Belhacène M. Škoda Fabia R5,R5/Rally2,6:22.0,+9.2 +  0.1,84.0 1.03,4
9,#11,Grossi A.  - Cardinali F. Škoda Fabia R5,R5/Rally2 Under 25,6:24.1,+11.3 +  2.1,83.5 1.27,4
10,#15,Hoelbling Luca  - Righetti Stefano Škoda Fabia Rally2 evo,R5/Rally2,6:28.6,+15.8 +  4.5,82.5 1.77,4
11,#2,Ciuffi Tommaso  - Cigni Pietro Škoda Fabia Rally2 evo,R5/Rally2,6:33.6,+20.8 +  5.0,81.5 2.33,4
12,#21,Epis Filippo  - Zanni Gabriele Škoda Fabia R5,R5/Rally2,6:35.1,+22.3 +  1.5,81.2 2.50,4
13,#25,Roncoroni Marco  - Brusadelli P. Škoda Fabia Rally2 evo,R5/Rally2,6:36.0,+23.2 +  0.9,81.0 2.60,4
14,#29,Aligizakis E.  - Amaxopoulos D. Škoda Fabia R5,R5/Rally2,6:36.5,+23.7 +  0.5,80.9 2.66,4
15,#26,Griotti Daniele  - Grimaldi Fabio Škoda Fabia Rally2 evo,R5/Rally2 Over 55,6:41.6,+28.8 +  5.1,79.9 3.23,4
16,#34,Travaglia Aronne  - Brachi Simone Ford Fiesta N5,N5,6:46.0,+33.2 +  4.4,79.0 3.73,4
17,#39,Peljhan Darko  - Čar Matej Mitsubishi Lancer Evo IX,N4,6:48.4,+35.6 +  2.4,78.5 4.00,4
18,#42,Temeroli Simone  - Simoncini D. Mitsubishi Lancer Evo IX,N4,6:49.8,+37.0 +  1.4,78.3 4.15,4
19,#22,Squarcialupi M.  - Squarcialupi G. Hyundai i20 N Rally2,R5/Rally2,6:50.2,+37.4 +  0.4,78.2 4.20,4
20,#37,Mattonen  - Taglienti Giulia Mitsubishi Lancer Evo X,N4,6:53.6,+40.8 +  3.4,77.6 4.58,4
21,#31,Tavelli Gianluca  - Cottellero N. Škoda Fabia Rally2 evo,R5/Rally2,6:56.5,+43.7 +  2.9,77.0 4.90,4
22,#32,Avandero Stefano  - Tricoli G. Citroën C3 Rally2,R5/Rally2,7:00.5,+47.7 +  4.0,76.3 5.35,4
23,#54,Pesavento Davide  - Zaramella M. Peugeot 208 Rally4,Rally4 Under 25,7:01.3,+48.5 +  0.8,76.1 5.44,4
24,#33,Rigo Riccardo  - Darderi Daiana Citroën DS3 N5,N5,7:04.2,+51.4 +  2.9,75.6 5.77,4
25,#35,Rossetto Alessandro  - Lazzer M. Volkswagen Polo MK5 N5,N5,7:05.8,+53.0 +  1.6,75.3 5.95,4
26,#49,Cogni Giorgio  - Colapietro Andrea Peugeot 208 Rally4,Rally4,7:07.0,+54.2 +  1.2,75.1 6.08,4
27,#51,Fontana Matteo  - Arnaboldi A. Peugeot 208 Rally4,Rally4 Under 25,7:07.6,+54.8 +  0.6,75.0 6.15,4
28,#55,Ancillotti L.  - Ancillotti C. Peugeot 208 Rally4,Rally4,7:09.7,+56.9 +  2.1,74.6 6.39,4
29,#44,Piccolotto Michele  - Marchiori M. Mitsubishi Lancer Evo X,N4,7:13.0,+1:00.2 +  3.3,74.1 6.76,4
30,#47,Verbilli P.  - Montavoci S. Renault Clio R3,R3,7:16.5,+1:03.7 +  3.5,73.5 7.15,4
31,#59,Bartolini Davide  - Selva Roberto Peugeot 208 Rally4,Rally4,7:16.9,+1:04.1 +  0.4,73.4 7.19,4
32,#58,Brancadori Alberto  - Pollini C. Peugeot 208 Rally4,Rally4 Over 55,7:17.6,+1:04.8 +  0.7,73.3 7.27,4
33,#28,Barni Maurizio  - Zanella Flavio Škoda Fabia Rally2 evo,R5/Rally2,7:19.5,+1:06.7 +  1.9,73.0 7.49,4
34,#86,Prosenc Borut  - Selan Blaž Renault Clio Rally5,Rally5,7:19.7,+1:06.9 +  0.2,72.9 7.51,4
35,#74,Zorzi Alessandro  - Franzoni R. Peugeot 208 R2,Rally4/R2,7:20.7,+1:07.9 +  1.0,72.8 7.62,4
36,#57,Stella Manuele  - Refondini Sara Peugeot 208 Rally4,Rally4,7:21.5,+1:08.7 +  0.8,72.7 7.71,4
37,#56,Pierulivo Leonardo  - Ferrigno E. Peugeot 208 Rally4,Rally4 Under 25,7:24.4,+1:11.6 +  2.9,72.2 8.04,4
38,#72,Leuratti Giorgio  - Del Rio L. Peugeot 208 Rally4,Rally4,7:25.2,+1:12.4 +  0.8,72.0 8.13,4
39,#82,Lani Alessandro  - Amaducci Gianni Peugeot 206 RC,A7 Under 25,7:27.5,+1:14.7 +  2.3,71.7 8.38,4
40,#73,Rousopoulos Christos  - Moukas E. Peugeot 208 Rally4,Rally4,7:29.8,+1:17.0 +  2.3,71.3 8.64,4
41,#43,Marrini Stefano  - Valentini S. Mitsubishi Lancer Evo IX,N4,7:31.8,+1:19.0 +  2.0,71.0 8.87,4
42,#53,Diserò Luca  - Manocchi Giada Peugeot 208 Rally4,Rally4,7:32.0,+1:19.2 +  0.2,71.0 8.89,4
43,#48,Giovani Giuliano  - Rossi Fabio Renault Clio R3,R3,7:32.4,+1:19.6 +  0.4,70.9 8.93,4
44,#84,Nannetti Filippo  - Tasi Alessia Renault Clio Rally5,Rally5,7:32.6,+1:19.8 +  0.2,70.9 8.96,4
45,#85,Savio Michael  - De Bernardini N. Renault Clio Rally5,Rally5,7:35.5,+1:22.7 +  2.9,70.4 9.28,4
46,#89,Lanci Maicol  - De Luca Fabio Citroën Saxo VTS,N2,7:38.5,+1:25.7 +  3.0,70.0 9.62,4
47,#76,Ricciardi Franco  - Bartolucci M. Peugeot 208 R2,Rally4/R2,7:45.7,+1:32.9 +  7.2,68.9 10.4,4
48,#75,Frare Luca  - Rücker S. Peugeot 208 R2,Rally4/R2,7:48.3,+1:35.5 +  2.6,68.5 10.7,4
49,#83,Solitro Fabio  - Porzio Alberto Renault Clio Rally5,Rally5 Under 25,7:50.3,+1:37.5 +  2.0,68.2 10.9,4
50,#78,Ongaro Germano  - Toffano Mattia Renault Clio RS,N3,7:58.8,+1:46.0 +  8.5,67.0 11.9,4
51,#79,Cerroni Wiliam  - Cicciarelli F. Renault Clio RS Light,N3,8:04.0,+1:51.2 +  5.2,66.3 12.5,4
52,#81,Arati Mauro  - Musolesi Andrea Renault Clio RS,N3,8:09.6,+1:56.8 +  5.6,65.5 13.1,4
53,#88,Pregheffi M.  - Lamberti Zanardi A. Mini Cooper S,RSTB 1.6,8:29.8,+2:17.0 +  20.2,62.9 15.4,4
54,#91,Olevano Emmanuele  - De Filippi S. Suzuki Swift Sport MK4,N2 Under 25,8:39.8,+2:27.0 +  10.0,61.7 16.5,4
55,#41,Milani Michele  - Camazzola C. Mitsubishi Lancer Evo VII,N4,10:55.2,+4:42.4 +  2:15.4,49.0 31.7,4
56,#38,Santoro Luca  - Bragaglia Davide Mitsubishi Lancer Evo IX,N4,14:02.1,+7:49.3 +  3:06.9,38.1 52.7,4
57,#45,Casarin Matteo  - De Bastiani Sara Mitsubishi Lancer Evo VII,N4,1:44:33.8,+1:38:21.0 +  1:30:31.7,5.1 662.3,4
1,#3,Gryazin Nikolay  - Aleksandrov K. Škoda Fabia Rally2 evo,R5/Rally2,5:48.8,,95.8,5
2,#1,Andreucci Paolo  - Briani Rudy Škoda Fabia Rally2 evo,R5/Rally2 Over 55,5:51.9,+3.1 +  3.1,94.9 0.33,5
3,#9,Todeschini F.  - De Castelli S. Hyundai i20 N Rally2,R5/Rally2,5:54.9,+6.1 +  3.0,94.1 0.66,5
4,#6,Vagnini Jader  - Musiari Martina Škoda Fabia R5,R5/Rally2,5:55.9,+7.1 +  1.0,93.9 0.77,5
5,#2,Ciuffi Tommaso  - Cigni Pietro Škoda Fabia Rally2 evo,R5/Rally2,5:57.1,+8.3 +  1.2,93.6 0.89,5
6,#12,Dati Emanuele  - Ciucci Giacomo Škoda Fabia Rally2 evo,R5/Rally2,5:57.2,+8.4 +  0.1,93.5 0.91,5
7,#8,Oldrati Enrico  - De Guio Elia Škoda Fabia Rally2 evo,R5/Rally2,5:57.5,+8.7 +  0.3,93.4 0.94,5
8,#19,Bresolin Edoardo  - Pollet Rudy Škoda Fabia Rally2 evo,R5/Rally2,5:57.9,+9.1 +  0.4,93.3 0.98,5
9,#18,Quilichini J.  - Belhacène M. Škoda Fabia R5,R5/Rally2,5:58.3,+9.5 +  0.4,93.2 1.02,5
10,#11,Grossi A.  - Cardinali F. Škoda Fabia R5,R5/Rally2 Under 25,6:01.4,+12.6 +  3.1,92.4 1.36,5
11,#15,Hoelbling Luca  - Righetti Stefano Škoda Fabia Rally2 evo,R5/Rally2,6:03.6,+14.8 +  2.2,91.9 1.59,5
12,#29,Aligizakis E.  - Amaxopoulos D. Škoda Fabia R5,R5/Rally2,6:14.7,+25.9 +  11.1,89.2 2.79,5
13,#26,Griotti Daniele  - Grimaldi Fabio Škoda Fabia Rally2 evo,R5/Rally2 Over 55,6:17.5,+28.7 +  2.8,88.5 3.09,5
14,#25,Roncoroni Marco  - Brusadelli P. Škoda Fabia Rally2 evo,R5/Rally2,6:19.3,+30.5 +  1.8,88.1 3.29,5
15,#34,Travaglia Aronne  - Brachi Simone Ford Fiesta N5,N5,6:20.0,+31.2 +  0.7,87.9 3.36,5
16,#51,Fontana Matteo  - Arnaboldi A. Peugeot 208 Rally4,Rally4 Under 25,6:21.2,+32.4 +  1.2,87.6 3.49,5
17,#54,Pesavento Davide  - Zaramella M. Peugeot 208 Rally4,Rally4 Under 25,6:27.1,+38.3 +  5.9,86.3 4.13,5
18,#49,Cogni Giorgio  - Colapietro Andrea Peugeot 208 Rally4,Rally4,6:27.8,+39.0 +  0.7,86.1 4.20,5
19,#39,Peljhan Darko  - Čar Matej Mitsubishi Lancer Evo IX,N4,6:28.3,+39.5 +  0.5,86.0 4.26,5
20,#22,Squarcialupi M.  - Squarcialupi G. Hyundai i20 N Rally2,R5/Rally2,6:35.0,+46.2 +  6.7,84.6 4.98,5
21,#33,Rigo Riccardo  - Darderi Daiana Citroën DS3 N5,N5,6:36.2,+47.4 +  1.2,84.3 5.11,5
22,#42,Temeroli Simone  - Simoncini D. Mitsubishi Lancer Evo IX,N4,6:36.8,+48.0 +  0.6,84.2 5.17,5
23,#32,Avandero Stefano  - Tricoli G. Citroën C3 Rally2,R5/Rally2,6:39.2,+50.4 +  2.4,83.7 5.43,5
24,#57,Stella Manuele  - Refondini Sara Peugeot 208 Rally4,Rally4,6:40.4,+51.6 +  1.2,83.4 5.56,5
25,#58,Brancadori Alberto  - Pollini C. Peugeot 208 Rally4,Rally4 Over 55,6:43.4,+54.6 +  3.0,82.8 5.88,5
26,#44,Piccolotto Michele  - Marchiori M. Mitsubishi Lancer Evo X,N4,6:44.3,+55.5 +  0.9,82.6 5.98,5
27,#59,Bartolini Davide  - Selva Roberto Peugeot 208 Rally4,Rally4,6:44.8,+56.0 +  0.5,82.5 6.03,5
28,#55,Ancillotti L.  - Ancillotti C. Peugeot 208 Rally4,Rally4,6:45.2,+56.4 +  0.4,82.4 6.08,5
29,#35,Rossetto Alessandro  - Lazzer M. Volkswagen Polo MK5 N5,N5,6:45.4,+56.6 +  0.2,82.4 6.10,5
30,#56,Pierulivo Leonardo  - Ferrigno E. Peugeot 208 Rally4,Rally4 Under 25,6:45.7,+56.9 +  0.3,82.3 6.13,5
31,#28,Barni Maurizio  - Zanella Flavio Škoda Fabia Rally2 evo,R5/Rally2,6:48.5,+59.7 +  2.8,81.8 6.43,5
32,#86,Prosenc Borut  - Selan Blaž Renault Clio Rally5,Rally5,6:49.4,+1:00.6 +  0.9,81.6 6.53,5
33,#72,Leuratti Giorgio  - Del Rio L. Peugeot 208 Rally4,Rally4,6:49.8,+1:01.0 +  0.4,81.5 6.57,5
34,#53,Diserò Luca  - Manocchi Giada Peugeot 208 Rally4,Rally4,6:50.2,+1:01.4 +  0.4,81.4 6.62,5
35,#47,Verbilli P.  - Montavoci S. Renault Clio R3,R3,6:51.6,+1:02.8 +  1.4,81.2 6.77,5
36,#73,Rousopoulos Christos  - Moukas E. Peugeot 208 Rally4,Rally4,6:51.7,+1:02.9 +  0.1,81.1 6.78,5
37,#74,Zorzi Alessandro  - Franzoni R. Peugeot 208 R2,Rally4/R2,6:54.8,+1:06.0 +  3.1,80.5 7.11,5
38,#85,Savio Michael  - De Bernardini N. Renault Clio Rally5,Rally5,6:55.9,+1:07.1 +  1.1,80.3 7.23,5
39,#84,Nannetti Filippo  - Tasi Alessia Renault Clio Rally5,Rally5,7:03.7,+1:14.9 +  7.8,78.8 8.07,5
40,#76,Ricciardi Franco  - Bartolucci M. Peugeot 208 R2,Rally4/R2,7:05.1,+1:16.3 +  1.4,78.6 8.22,5
41,#21,Epis Filippo  - Zanni Gabriele Škoda Fabia R5,R5/Rally2,7:05.7,+1:16.9 +  0.6,78.5 8.29,5
42,#31,Tavelli Gianluca  - Cottellero N. Škoda Fabia Rally2 evo,R5/Rally2,7:07.9,+1:19.1 +  2.2,78.1 8.52,5
43,#89,Lanci Maicol  - De Luca Fabio Citroën Saxo VTS,N2,7:14.5,+1:25.7 +  6.6,76.9 9.23,5
44,#75,Frare Luca  - Rücker S. Peugeot 208 R2,Rally4/R2,7:17.0,+1:28.2 +  2.5,76.4 9.50,5
45,#37,Mattonen  - Taglienti Giulia Mitsubishi Lancer Evo X,N4,7:27.0,+1:38.2 +  10.0,74.7 10.6,5
46,#79,Cerroni Wiliam  - Cicciarelli F. Renault Clio RS Light,N3,7:29.6,+1:40.8 +  2.6,74.3 10.9,5
47,#78,Ongaro Germano  - Toffano Mattia Renault Clio RS,N3,7:36.0,+1:47.2 +  6.4,73.3 11.6,5
48,#48,Giovani Giuliano  - Rossi Fabio Renault Clio R3,R3,7:40.4,+1:51.6 +  4.4,72.6 12.0,5
49,#81,Arati Mauro  - Musolesi Andrea Renault Clio RS,N3,7:46.8,+1:58.0 +  6.4,71.6 12.7,5
50,#91,Olevano Emmanuele  - De Filippi S. Suzuki Swift Sport MK4,N2 Under 25,8:08.7,+2:19.9 +  21.9,68.4 15.1,5
51,#82,Lani Alessandro  - Amaducci Gianni Peugeot 206 RC,A7 Under 25,8:19.2,+2:30.4 +  10.5,66.9 16.2,5
52,#88,Pregheffi M.  - Lamberti Zanardi A. Mini Cooper S,RSTB 1.6,8:19.5,+2:30.7 +  0.3,66.9 16.2,5
53,#45,Casarin Matteo  - De Bastiani Sara Mitsubishi Lancer Evo VII,N4,11:53.6,+6:04.8 +  3:34.1,46.8 39.3,5
1,#3,Gryazin Nikolay  - Aleksandrov K. Škoda Fabia Rally2 evo,R5/Rally2,4:08.4,,76.7,6
2,#9,Todeschini F.  - De Castelli S. Hyundai i20 N Rally2,R5/Rally2,4:11.3,+2.9 +  2.9,75.8 0.55,6
3,#2,Ciuffi Tommaso  - Cigni Pietro Škoda Fabia Rally2 evo,R5/Rally2,4:11.4,+3.0 +  0.1,75.8 0.57,6
4,#18,Quilichini J.  - Belhacène M. Škoda Fabia R5,R5/Rally2,4:13.1,+4.7 +  1.7,75.2 0.89,6
5,#19,Bresolin Edoardo  - Pollet Rudy Škoda Fabia Rally2 evo,R5/Rally2,4:13.8,+5.4 +  0.7,75.0 1.02,6
6,#8,Oldrati Enrico  - De Guio Elia Škoda Fabia Rally2 evo,R5/Rally2,4:14.0,+5.6 +  0.2,75.0 1.06,6
6,#12,Dati Emanuele  - Ciucci Giacomo Škoda Fabia Rally2 evo,R5/Rally2,4:14.0,+5.6 +  0.0,75.0 1.06,6
8,#1,Andreucci Paolo  - Briani Rudy Škoda Fabia Rally2 evo,R5/Rally2 Over 55,4:14.4,+6.0 +  0.4,74.9 1.13,6
9,#11,Grossi A.  - Cardinali F. Škoda Fabia R5,R5/Rally2 Under 25,4:18.6,+10.2 +  4.2,73.6 1.93,6
10,#26,Griotti Daniele  - Grimaldi Fabio Škoda Fabia Rally2 evo,R5/Rally2 Over 55,4:22.1,+13.7 +  3.5,72.7 2.59,6
11,#15,Hoelbling Luca  - Righetti Stefano Škoda Fabia Rally2 evo,R5/Rally2,4:23.3 [N],+14.9 +  1.2,72.3 2.82,6
11,#29,Aligizakis E.  - Amaxopoulos D. Škoda Fabia R5,R5/Rally2,4:23.3,+14.9 +  0.0,72.3 2.82,6
13,#25,Roncoroni Marco  - Brusadelli P. Škoda Fabia Rally2 evo,R5/Rally2,4:27.0,+18.6 +  3.7,71.3 3.52,6
14,#34,Travaglia Aronne  - Brachi Simone Ford Fiesta N5,N5,4:27.6,+19.2 +  0.6,71.2 3.63,6
15,#21,Epis Filippo  - Zanni Gabriele Škoda Fabia R5,R5/Rally2,4:28.0,+19.6 +  0.4,71.1 3.71,6
16,#39,Peljhan Darko  - Čar Matej Mitsubishi Lancer Evo IX,N4,4:29.2,+20.8 +  1.2,70.7 3.93,6
17,#51,Fontana Matteo  - Arnaboldi A. Peugeot 208 Rally4,Rally4 Under 25,4:29.6,+21.2 +  0.4,70.6 4.01,6
18,#31,Tavelli Gianluca  - Cottellero N. Škoda Fabia Rally2 evo,R5/Rally2,4:31.6,+23.2 +  2.0,70.1 4.39,6
19,#49,Cogni Giorgio  - Colapietro Andrea Peugeot 208 Rally4,Rally4,4:32.6,+24.2 +  1.0,69.9 4.57,6
20,#42,Temeroli Simone  - Simoncini D. Mitsubishi Lancer Evo IX,N4,4:33.6,+25.2 +  1.0,69.6 4.76,6
21,#22,Squarcialupi M.  - Squarcialupi G. Hyundai i20 N Rally2,R5/Rally2,4:35.8,+27.4 +  2.2,69.1 5.18,6
22,#35,Rossetto Alessandro  - Lazzer M. Volkswagen Polo MK5 N5,N5,4:37.7,+29.3 +  1.9,68.6 5.54,6
23,#59,Bartolini Davide  - Selva Roberto Peugeot 208 Rally4,Rally4,4:37.8,+29.4 +  0.1,68.6 5.56,6
24,#55,Ancillotti L.  - Ancillotti C. Peugeot 208 Rally4,Rally4,4:38.1,+29.7 +  0.3,68.5 5.61,6
25,#44,Piccolotto Michele  - Marchiori M. Mitsubishi Lancer Evo X,N4,4:38.9,+30.5 +  0.8,68.3 5.77,6
26,#32,Avandero Stefano  - Tricoli G. Citroën C3 Rally2,R5/Rally2,4:39.4,+31.0 +  0.5,68.2 5.86,6
26,#54,Pesavento Davide  - Zaramella M. Peugeot 208 Rally4,Rally4 Under 25,4:39.4,+31.0 +  0.0,68.2 5.86,6
28,#28,Barni Maurizio  - Zanella Flavio Škoda Fabia Rally2 evo,R5/Rally2,4:39.7,+31.3 +  0.3,68.1 5.92,6
29,#86,Prosenc Borut  - Selan Blaž Renault Clio Rally5,Rally5,4:40.3,+31.9 +  0.6,67.9 6.03,6
30,#57,Stella Manuele  - Refondini Sara Peugeot 208 Rally4,Rally4,4:40.5,+32.1 +  0.2,67.9 6.07,6
31,#53,Diserò Luca  - Manocchi Giada Peugeot 208 Rally4,Rally4,4:42.6,+34.2 +  2.1,67.4 6.47,6
32,#74,Zorzi Alessandro  - Franzoni R. Peugeot 208 R2,Rally4/R2,4:42.8,+34.4 +  0.2,67.3 6.50,6
33,#56,Pierulivo Leonardo  - Ferrigno E. Peugeot 208 Rally4,Rally4 Under 25,4:44.4,+36.0 +  1.6,67.0 6.81,6
34,#47,Verbilli P.  - Montavoci S. Renault Clio R3,R3,4:44.5,+36.1 +  0.1,66.9 6.82,6
35,#33,Rigo Riccardo  - Darderi Daiana Citroën DS3 N5,N5,4:44.9,+36.5 +  0.4,66.8 6.90,6
36,#58,Brancadori Alberto  - Pollini C. Peugeot 208 Rally4,Rally4 Over 55,4:46.0,+37.6 +  1.1,66.6 7.11,6
37,#72,Leuratti Giorgio  - Del Rio L. Peugeot 208 Rally4,Rally4,4:46.8,+38.4 +  0.8,66.4 7.26,6
38,#37,Mattonen  - Taglienti Giulia Mitsubishi Lancer Evo X,N4,4:47.6,+39.2 +  0.8,66.2 7.41,6
39,#84,Nannetti Filippo  - Tasi Alessia Renault Clio Rally5,Rally5,4:50.5,+42.1 +  2.9,65.6 7.96,6
40,#76,Ricciardi Franco  - Bartolucci M. Peugeot 208 R2,Rally4/R2,4:54.0,+45.6 +  3.5,64.8 8.62,6
41,#73,Rousopoulos Christos  - Moukas E. Peugeot 208 Rally4,Rally4,4:56.3,+47.9 +  2.3,64.3 9.05,6
42,#48,Giovani Giuliano  - Rossi Fabio Renault Clio R3,R3,4:58.3,+49.9 +  2.0,63.8 9.43,6
43,#75,Frare Luca  - Rücker S. Peugeot 208 R2,Rally4/R2,5:00.9,+52.5 +  2.6,63.3 9.92,6
44,#89,Lanci Maicol  - De Luca Fabio Citroën Saxo VTS,N2,5:06.3,+57.9 +  5.4,62.2 11.0,6
45,#79,Cerroni Wiliam  - Cicciarelli F. Renault Clio RS Light,N3,5:12.6,+1:04.2 +  6.3,60.9 12.1,6
46,#81,Arati Mauro  - Musolesi Andrea Renault Clio RS,N3,5:17.5,+1:09.1 +  4.9,60.0 13.1,6
47,#78,Ongaro Germano  - Toffano Mattia Renault Clio RS,N3,5:21.4,+1:13.0 +  3.9,59.3 13.8,6
48,#88,Pregheffi M.  - Lamberti Zanardi A. Mini Cooper S,RSTB 1.6,5:46.9,+1:38.5 +  25.5,54.9 18.6,6
49,#82,Lani Alessandro  - Amaducci Gianni Peugeot 206 RC,A7 Under 25,5:54.2,+1:45.8 +  7.3,53.8 20.0,6
50,#91,Olevano Emmanuele  - De Filippi S. Suzuki Swift Sport MK4,N2 Under 25,6:20.5,+2:12.1 +  26.3,50.0 25.0,6
1,#1,Andreucci Paolo  - Briani Rudy Škoda Fabia Rally2 evo,R5/Rally2 Over 55,6:13.0,,86.0,7
2,#3,Gryazin Nikolay  - Aleksandrov K. Škoda Fabia Rally2 evo,R5/Rally2,6:13.3,+0.3 +  0.3,85.9 0.03,7
3,#9,Todeschini F.  - De Castelli S. Hyundai i20 N Rally2,R5/Rally2,6:13.4,+0.4 +  0.1,85.9 0.04,7
4,#2,Ciuffi Tommaso  - Cigni Pietro Škoda Fabia Rally2 evo,R5/Rally2,6:16.4,+3.4 +  3.0,85.2 0.38,7
5,#8,Oldrati Enrico  - De Guio Elia Škoda Fabia Rally2 evo,R5/Rally2,6:17.7,+4.7 +  1.3,84.9 0.53,7
6,#18,Quilichini J.  - Belhacène M. Škoda Fabia R5,R5/Rally2,6:17.8,+4.8 +  0.1,84.9 0.54,7
6,#19,Bresolin Edoardo  - Pollet Rudy Škoda Fabia Rally2 evo,R5/Rally2,6:17.8,+4.8 +  0.0,84.9 0.54,7
8,#12,Dati Emanuele  - Ciucci Giacomo Škoda Fabia Rally2 evo,R5/Rally2,6:19.7,+6.7 +  1.9,84.5 0.75,7
9,#11,Grossi A.  - Cardinali F. Škoda Fabia R5,R5/Rally2 Under 25,6:21.5,+8.5 +  1.8,84.1 0.95,7
10,#15,Hoelbling Luca  - Righetti Stefano Škoda Fabia Rally2 evo,R5/Rally2,6:24.7,+11.7 +  3.2,83.4 1.31,7
11,#25,Roncoroni Marco  - Brusadelli P. Škoda Fabia Rally2 evo,R5/Rally2,6:31.9,+18.9 +  7.2,81.8 2.12,7
12,#29,Aligizakis E.  - Amaxopoulos D. Škoda Fabia R5,R5/Rally2,6:36.4,+23.4 +  4.5,80.9 2.63,7
13,#26,Griotti Daniele  - Grimaldi Fabio Škoda Fabia Rally2 evo,R5/Rally2 Over 55,6:37.6,+24.6 +  1.2,80.7 2.76,7
14,#22,Squarcialupi M.  - Squarcialupi G. Hyundai i20 N Rally2,R5/Rally2,6:41.3,+28.3 +  3.7,79.9 3.18,7
15,#21,Epis Filippo  - Zanni Gabriele Škoda Fabia R5,R5/Rally2,6:41.9,+28.9 +  0.6,79.8 3.24,7
15,#39,Peljhan Darko  - Čar Matej Mitsubishi Lancer Evo IX,N4,6:41.9,+28.9 +  0.0,79.8 3.24,7
17,#31,Tavelli Gianluca  - Cottellero N. Škoda Fabia Rally2 evo,R5/Rally2,6:42.6,+29.6 +  0.7,79.7 3.32,7
18,#34,Travaglia Aronne  - Brachi Simone Ford Fiesta N5,N5,6:46.1,+33.1 +  3.5,79.0 3.71,7
19,#42,Temeroli Simone  - Simoncini D. Mitsubishi Lancer Evo IX,N4,6:52.9,+39.9 +  6.8,77.7 4.48,7
20,#54,Pesavento Davide  - Zaramella M. Peugeot 208 Rally4,Rally4 Under 25,6:53.1,+40.1 +  0.2,77.6 4.50,7
21,#51,Fontana Matteo  - Arnaboldi A. Peugeot 208 Rally4,Rally4 Under 25,6:54.8,+41.8 +  1.7,77.3 4.69,7
22,#49,Cogni Giorgio  - Colapietro Andrea Peugeot 208 Rally4,Rally4,6:55.1,+42.1 +  0.3,77.3 4.73,7
23,#33,Rigo Riccardo  - Darderi Daiana Citroën DS3 N5,N5,6:56.6,+43.6 +  1.5,77.0 4.89,7
24,#55,Ancillotti L.  - Ancillotti C. Peugeot 208 Rally4,Rally4,7:04.1,+51.1 +  7.5,75.6 5.74,7
25,#32,Avandero Stefano  - Tricoli G. Citroën C3 Rally2,R5/Rally2,7:05.7,+52.7 +  1.6,75.3 5.91,7
26,#35,Rossetto Alessandro  - Lazzer M. Volkswagen Polo MK5 N5,N5,7:06.9,+53.9 +  1.2,75.1 6.05,7
27,#59,Bartolini Davide  - Selva Roberto Peugeot 208 Rally4,Rally4,7:07.9,+54.9 +  1.0,75.0 6.16,7
28,#57,Stella Manuele  - Refondini Sara Peugeot 208 Rally4,Rally4,7:08.8,+55.8 +  0.9,74.8 6.26,7
29,#86,Prosenc Borut  - Selan Blaž Renault Clio Rally5,Rally5,7:10.9,+57.9 +  2.1,74.4 6.50,7
30,#47,Verbilli P.  - Montavoci S. Renault Clio R3,R3,7:12.4,+59.4 +  1.5,74.2 6.67,7
31,#58,Brancadori Alberto  - Pollini C. Peugeot 208 Rally4,Rally4 Over 55,7:16.0,+1:03.0 +  3.6,73.6 7.07,7
32,#56,Pierulivo Leonardo  - Ferrigno E. Peugeot 208 Rally4,Rally4 Under 25,7:16.3,+1:03.3 +  0.3,73.5 7.10,7
33,#28,Barni Maurizio  - Zanella Flavio Škoda Fabia Rally2 evo,R5/Rally2,7:17.3,+1:04.3 +  1.0,73.4 7.22,7
34,#53,Diserò Luca  - Manocchi Giada Peugeot 208 Rally4,Rally4,7:18.0,+1:05.0 +  0.7,73.2 7.30,7
35,#72,Leuratti Giorgio  - Del Rio L. Peugeot 208 Rally4,Rally4,7:18.3,+1:05.3 +  0.3,73.2 7.33,7
36,#74,Zorzi Alessandro  - Franzoni R. Peugeot 208 R2,Rally4/R2,7:20.7,+1:07.7 +  2.4,72.8 7.60,7
37,#82,Lani Alessandro  - Amaducci Gianni Peugeot 206 RC,A7 Under 25,7:22.9,+1:09.9 +  2.2,72.4 7.85,7
38,#73,Rousopoulos Christos  - Moukas E. Peugeot 208 Rally4,Rally4,7:25.4,+1:12.4 +  2.5,72.0 8.13,7
39,#48,Giovani Giuliano  - Rossi Fabio Renault Clio R3,R3,7:33.2,+1:20.2 +  7.8,70.8 9.00,7
40,#76,Ricciardi Franco  - Bartolucci M. Peugeot 208 R2,Rally4/R2,7:39.1,+1:26.1 +  5.9,69.9 9.66,7
41,#75,Frare Luca  - Rücker S. Peugeot 208 R2,Rally4/R2,7:51.1,+1:38.1 +  12.0,68.1 11.0,7
42,#78,Ongaro Germano  - Toffano Mattia Renault Clio RS,N3,8:07.2,+1:54.2 +  16.1,65.8 12.8,7
43,#79,Cerroni Wiliam  - Cicciarelli F. Renault Clio RS Light,N3,8:08.6,+1:55.6 +  1.4,65.6 13.0,7
44,#89,Lanci Maicol  - De Luca Fabio Citroën Saxo VTS,N2,8:15.7,+2:02.7 +  7.1,64.7 13.8,7
45,#81,Arati Mauro  - Musolesi Andrea Renault Clio RS,N3,8:25.1,+2:12.1 +  9.4,63.5 14.8,7
46,#91,Olevano Emmanuele  - De Filippi S. Suzuki Swift Sport MK4,N2 Under 25,9:12.6,+2:59.6 +  47.5,58.0 20.2,7
47,#88,Pregheffi M.  - Lamberti Zanardi A. Mini Cooper S,RSTB 1.6,11:57.0,+5:44.0 +  2:44.4,44.7 38.6,7
48,#84,Nannetti Filippo  - Tasi Alessia Renault Clio Rally5,Rally5,16:15.2,+10:02.2 +  4:18.2,32.9 67.6,7
1,#3,Gryazin Nikolay  - Aleksandrov K. Škoda Fabia Rally2 evo,R5/Rally2,5:47.6,,96.1,8
2,#1,Andreucci Paolo  - Briani Rudy Škoda Fabia Rally2 evo,R5/Rally2 Over 55,5:49.4,+1.8 +  1.8,95.6 0.19,8
3,#9,Todeschini F.  - De Castelli S. Hyundai i20 N Rally2,R5/Rally2,5:52.6,+5.0 +  3.2,94.7 0.54,8
4,#18,Quilichini J.  - Belhacène M. Škoda Fabia R5,R5/Rally2,5:54.2,+6.6 +  1.6,94.3 0.71,8
5,#19,Bresolin Edoardo  - Pollet Rudy Škoda Fabia Rally2 evo,R5/Rally2,5:54.3,+6.7 +  0.1,94.3 0.72,8
6,#2,Ciuffi Tommaso  - Cigni Pietro Škoda Fabia Rally2 evo,R5/Rally2,5:55.4,+7.8 +  1.1,94.0 0.84,8
7,#8,Oldrati Enrico  - De Guio Elia Škoda Fabia Rally2 evo,R5/Rally2,5:56.9,+9.3 +  1.5,93.6 1.00,8
8,#12,Dati Emanuele  - Ciucci Giacomo Škoda Fabia Rally2 evo,R5/Rally2,5:57.1,+9.5 +  0.2,93.6 1.02,8
9,#11,Grossi A.  - Cardinali F. Škoda Fabia R5,R5/Rally2 Under 25,5:59.9,+12.3 +  2.8,92.8 1.33,8
10,#15,Hoelbling Luca  - Righetti Stefano Škoda Fabia Rally2 evo,R5/Rally2,6:00.8,+13.2 +  0.9,92.6 1.42,8
11,#21,Epis Filippo  - Zanni Gabriele Škoda Fabia R5,R5/Rally2,6:12.7,+25.1 +  11.9,89.6 2.70,8
11,#29,Aligizakis E.  - Amaxopoulos D. Škoda Fabia R5,R5/Rally2,6:12.7,+25.1 +  0.0,89.6 2.70,8
13,#34,Travaglia Aronne  - Brachi Simone Ford Fiesta N5,N5,6:17.6,+30.0 +  4.9,88.5 3.23,8
14,#25,Roncoroni Marco  - Brusadelli P. Škoda Fabia Rally2 evo,R5/Rally2,6:18.4,+30.8 +  0.8,88.3 3.32,8
15,#51,Fontana Matteo  - Arnaboldi A. Peugeot 208 Rally4,Rally4 Under 25,6:22.2,+34.6 +  3.8,87.4 3.73,8
16,#39,Peljhan Darko  - Čar Matej Mitsubishi Lancer Evo IX,N4,6:23.0,+35.4 +  0.8,87.2 3.81,8
17,#54,Pesavento Davide  - Zaramella M. Peugeot 208 Rally4,Rally4 Under 25,6:25.3,+37.7 +  2.3,86.7 4.06,8
18,#22,Squarcialupi M.  - Squarcialupi G. Hyundai i20 N Rally2,R5/Rally2,6:25.7,+38.1 +  0.4,86.6 4.11,8
19,#49,Cogni Giorgio  - Colapietro Andrea Peugeot 208 Rally4,Rally4,6:27.1,+39.5 +  1.4,86.3 4.26,8
20,#31,Tavelli Gianluca  - Cottellero N. Škoda Fabia Rally2 evo,R5/Rally2,6:27.3,+39.7 +  0.2,86.3 4.28,8
21,#33,Rigo Riccardo  - Darderi Daiana Citroën DS3 N5,N5,6:32.4,+44.8 +  5.1,85.1 4.83,8
22,#32,Avandero Stefano  - Tricoli G. Citroën C3 Rally2,R5/Rally2,6:33.5,+45.9 +  1.1,84.9 4.95,8
23,#57,Stella Manuele  - Refondini Sara Peugeot 208 Rally4,Rally4,6:35.3,+47.7 +  1.8,84.5 5.14,8
24,#42,Temeroli Simone  - Simoncini D. Mitsubishi Lancer Evo IX,N4,6:36.6,+49.0 +  1.3,84.2 5.28,8
25,#59,Bartolini Davide  - Selva Roberto Peugeot 208 Rally4,Rally4,6:39.3,+51.7 +  2.7,83.7 5.57,8
26,#56,Pierulivo Leonardo  - Ferrigno E. Peugeot 208 Rally4,Rally4 Under 25,6:40.0,+52.4 +  0.7,83.5 5.65,8
27,#58,Brancadori Alberto  - Pollini C. Peugeot 208 Rally4,Rally4 Over 55,6:42.2,+54.6 +  2.2,83.1 5.88,8
28,#53,Diserò Luca  - Manocchi Giada Peugeot 208 Rally4,Rally4,6:42.9,+55.3 +  0.7,82.9 5.96,8
29,#72,Leuratti Giorgio  - Del Rio L. Peugeot 208 Rally4,Rally4,6:44.3,+56.7 +  1.4,82.6 6.11,8
30,#28,Barni Maurizio  - Zanella Flavio Škoda Fabia Rally2 evo,R5/Rally2,6:44.9,+57.3 +  0.6,82.5 6.17,8
31,#35,Rossetto Alessandro  - Lazzer M. Volkswagen Polo MK5 N5,N5,6:46.8,+59.2 +  1.9,82.1 6.38,8
32,#86,Prosenc Borut  - Selan Blaž Renault Clio Rally5,Rally5,6:47.2,+59.6 +  0.4,82.0 6.42,8
33,#74,Zorzi Alessandro  - Franzoni R. Peugeot 208 R2,Rally4/R2,6:49.8,+1:02.2 +  2.6,81.5 6.70,8
34,#55,Ancillotti L.  - Ancillotti C. Peugeot 208 Rally4,Rally4,6:50.5,+1:02.9 +  0.7,81.4 6.78,8
35,#47,Verbilli P.  - Montavoci S. Renault Clio R3,R3,6:50.8,+1:03.2 +  0.3,81.3 6.81,8
36,#76,Ricciardi Franco  - Bartolucci M. Peugeot 208 R2,Rally4/R2,6:58.4,+1:10.8 +  7.6,79.8 7.63,8
37,#82,Lani Alessandro  - Amaducci Gianni Peugeot 206 RC,A7 Under 25,6:58.6,+1:11.0 +  0.2,79.8 7.65,8
38,#73,Rousopoulos Christos  - Moukas E. Peugeot 208 Rally4,Rally4,7:06.6,+1:19.0 +  8.0,78.3 8.51,8
39,#48,Giovani Giuliano  - Rossi Fabio Renault Clio R3,R3,7:07.7,+1:20.1 +  1.1,78.1 8.63,8
40,#84,Nannetti Filippo  - Tasi Alessia Renault Clio Rally5,Rally5,7:11.9,+1:24.3 +  4.2,77.4 9.08,8
41,#75,Frare Luca  - Rücker S. Peugeot 208 R2,Rally4/R2,7:20.5,+1:32.9 +  8.6,75.8 10.0,8
42,#81,Arati Mauro  - Musolesi Andrea Renault Clio RS,N3,7:38.5,+1:50.9 +  18.0,72.9 12.0,8
43,#79,Cerroni Wiliam  - Cicciarelli F. Renault Clio RS Light,N3,7:42.6,+1:55.0 +  4.1,72.2 12.4,8
44,#78,Ongaro Germano  - Toffano Mattia Renault Clio RS,N3,7:45.8,+1:58.2 +  3.2,71.7 12.7,8
45,#89,Lanci Maicol  - De Luca Fabio Citroën Saxo VTS,N2,8:29.2,+2:41.6 +  43.4,65.6 17.4,8
46,#91,Olevano Emmanuele  - De Filippi S. Suzuki Swift Sport MK4,N2 Under 25,8:49.7,+3:02.1 +  20.5,63.1 19.6,8
47,#88,Pregheffi M.  - Lamberti Zanardi A. Mini Cooper S,RSTB 1.6,10:40.3,+4:52.7 +  1:50.6,52.2 31.5,8
1,#9,Todeschini F.  - De Castelli S. Hyundai i20 N Rally2,R5/Rally2,4:07.7,,76.9,9
2,#3,Gryazin Nikolay  - Aleksandrov K. Škoda Fabia Rally2 evo,R5/Rally2,4:09.1,+1.4 +  1.4,76.5 0.26,9
3,#8,Oldrati Enrico  - De Guio Elia Škoda Fabia Rally2 evo,R5/Rally2,4:10.5,+2.8 +  1.4,76.0 0.53,9
4,#1,Andreucci Paolo  - Briani Rudy Škoda Fabia Rally2 evo,R5/Rally2 Over 55,4:10.7,+3.0 +  0.2,76.0 0.57,9
4,#18,Quilichini J.  - Belhacène M. Škoda Fabia R5,R5/Rally2,4:10.7,+3.0 +  0.0,76.0 0.57,9
6,#19,Bresolin Edoardo  - Pollet Rudy Škoda Fabia Rally2 evo,R5/Rally2,4:11.8,+4.1 +  1.1,75.6 0.78,9
7,#2,Ciuffi Tommaso  - Cigni Pietro Škoda Fabia Rally2 evo,R5/Rally2,4:12.3,+4.6 +  0.5,75.5 0.87,9
8,#11,Grossi A.  - Cardinali F. Škoda Fabia R5,R5/Rally2 Under 25,4:13.3,+5.6 +  1.0,75.2 1.06,9
9,#12,Dati Emanuele  - Ciucci Giacomo Škoda Fabia Rally2 evo,R5/Rally2,4:13.4,+5.7 +  0.1,75.2 1.08,9
10,#21,Epis Filippo  - Zanni Gabriele Škoda Fabia R5,R5/Rally2,4:19.9,+12.2 +  6.5,73.3 2.31,9
11,#15,Hoelbling Luca  - Righetti Stefano Škoda Fabia Rally2 evo,R5/Rally2,4:20.0,+12.3 +  0.1,73.2 2.33,9
12,#31,Tavelli Gianluca  - Cottellero N. Škoda Fabia Rally2 evo,R5/Rally2,4:22.5,+14.8 +  2.5,72.5 2.80,9
13,#29,Aligizakis E.  - Amaxopoulos D. Škoda Fabia R5,R5/Rally2,4:23.8,+16.1 +  1.3,72.2 3.04,9
14,#34,Travaglia Aronne  - Brachi Simone Ford Fiesta N5,N5,4:24.0,+16.3 +  0.2,72.1 3.08,9
15,#39,Peljhan Darko  - Čar Matej Mitsubishi Lancer Evo IX,N4,4:24.5,+16.8 +  0.5,72.0 3.18,9
16,#25,Roncoroni Marco  - Brusadelli P. Škoda Fabia Rally2 evo,R5/Rally2,4:26.5,+18.8 +  2.0,71.5 3.55,9
17,#51,Fontana Matteo  - Arnaboldi A. Peugeot 208 Rally4,Rally4 Under 25,4:28.6,+20.9 +  2.1,70.9 3.95,9
18,#22,Squarcialupi M.  - Squarcialupi G. Hyundai i20 N Rally2,R5/Rally2,4:32.3,+24.6 +  3.7,69.9 4.65,9
19,#49,Cogni Giorgio  - Colapietro Andrea Peugeot 208 Rally4,Rally4,4:32.6,+24.9 +  0.3,69.9 4.71,9
20,#33,Rigo Riccardo  - Darderi Daiana Citroën DS3 N5,N5,4:33.2,+25.5 +  0.6,69.7 4.82,9
21,#54,Pesavento Davide  - Zaramella M. Peugeot 208 Rally4,Rally4 Under 25,4:34.4,+26.7 +  1.2,69.4 5.05,9
22,#55,Ancillotti L.  - Ancillotti C. Peugeot 208 Rally4,Rally4,4:35.8,+28.1 +  1.4,69.1 5.31,9
23,#32,Avandero Stefano  - Tricoli G. Citroën C3 Rally2,R5/Rally2,4:35.9,+28.2 +  0.1,69.0 5.33,9
24,#57,Stella Manuele  - Refondini Sara Peugeot 208 Rally4,Rally4,4:36.1,+28.4 +  0.2,69.0 5.37,9
25,#59,Bartolini Davide  - Selva Roberto Peugeot 208 Rally4,Rally4,4:36.4,+28.7 +  0.3,68.9 5.43,9
26,#42,Temeroli Simone  - Simoncini D. Mitsubishi Lancer Evo IX,N4,4:36.6,+28.9 +  0.2,68.9 5.46,9
27,#86,Prosenc Borut  - Selan Blaž Renault Clio Rally5,Rally5,4:38.7,+31.0 +  2.1,68.3 5.86,9
28,#56,Pierulivo Leonardo  - Ferrigno E. Peugeot 208 Rally4,Rally4 Under 25,4:39.3,+31.6 +  0.6,68.2 5.97,9
29,#53,Diserò Luca  - Manocchi Giada Peugeot 208 Rally4,Rally4,4:40.6,+32.9 +  1.3,67.9 6.22,9
30,#74,Zorzi Alessandro  - Franzoni R. Peugeot 208 R2,Rally4/R2,4:40.8,+33.1 +  0.2,67.8 6.26,9
31,#35,Rossetto Alessandro  - Lazzer M. Volkswagen Polo MK5 N5,N5,4:41.8,+34.1 +  1.0,67.6 6.45,9
32,#28,Barni Maurizio  - Zanella Flavio Škoda Fabia Rally2 evo,R5/Rally2,4:42.0,+34.3 +  0.2,67.5 6.48,9
33,#72,Leuratti Giorgio  - Del Rio L. Peugeot 208 Rally4,Rally4,4:46.1,+38.4 +  4.1,66.6 7.26,9
34,#58,Brancadori Alberto  - Pollini C. Peugeot 208 Rally4,Rally4 Over 55,4:46.7,+39.0 +  0.6,66.4 7.37,9
35,#47,Verbilli P.  - Montavoci S. Renault Clio R3,R3,4:48.8,+41.1 +  2.1,65.9 7.77,9
36,#82,Lani Alessandro  - Amaducci Gianni Peugeot 206 RC,A7 Under 25,4:52.3,+44.6 +  3.5,65.2 8.43,9
37,#73,Rousopoulos Christos  - Moukas E. Peugeot 208 Rally4,Rally4,4:53.4,+45.7 +  1.1,64.9 8.64,9
38,#48,Giovani Giuliano  - Rossi Fabio Renault Clio R3,R3,4:57.1,+49.4 +  3.7,64.1 9.34,9
39,#76,Ricciardi Franco  - Bartolucci M. Peugeot 208 R2,Rally4/R2,4:57.6,+49.9 +  0.5,64.0 9.43,9
40,#84,Nannetti Filippo  - Tasi Alessia Renault Clio Rally5,Rally5,5:03.9,+56.2 +  6.3,62.7 10.6,9
41,#75,Frare Luca  - Rücker S. Peugeot 208 R2,Rally4/R2,5:06.5,+58.8 +  2.6,62.1 11.1,9
42,#81,Arati Mauro  - Musolesi Andrea Renault Clio RS,N3,5:18.4,+1:10.7 +  11.9,59.8 13.4,9
43,#78,Ongaro Germano  - Toffano Mattia Renault Clio RS,N3,5:27.0,+1:19.3 +  8.6,58.2 15.0,9
44,#79,Cerroni Wiliam  - Cicciarelli F. Renault Clio RS Light,N3,5:28.5,+1:20.8 +  1.5,58.0 15.3,9
45,#89,Lanci Maicol  - De Luca Fabio Citroën Saxo VTS,N2,6:03.9,+1:56.2 +  35.4,52.3 22.0,9
46,#91,Olevano Emmanuele  - De Filippi S. Suzuki Swift Sport MK4,N2 Under 25,6:13.4,+2:05.7 +  9.5,51.0 23.8,9
47,#88,Pregheffi M.  - Lamberti Zanardi A. Mini Cooper S,RSTB 1.6,7:38.4,+3:30.7 +  1:25.0,41.5 39.8,9
