,,,ss_time,ss_time,ss_time,ss_time,ss_time,ss_time,ss_time,ss_time,ss_time,ss_time,ss_time,ss_time,ss_time,ss_time,ss_time,ss_time,ss_time,ss_time,ss_time
ss,,,1,2,3,4,5,6,7,8,9,10,11,12,13,14,15,16,17,18,19
No,Crew,Gr/Cl,,,,,,,,,,,,,,,,,,,
#11,Neuville Thierry  - Wydaeghe M. Hyundai i20 N Rally1,RC1 M,2:25.4,7:26.4,5:33.0,31:59.8,7:15.6,5:29.1,31:58.1,10:01.6,12:45.0,19:00.2,6:53.2,9:55.3,12:53.8,19:37.3,7:23.1,8:42.0,5:45.5,8:36.6,6:20.4
#17,Ogier Sébastien  - Landais V. Toyota GR Yaris Rally1,RC1 M,2:26.2,7:19.2,5:35.1,31:33.9,7:16.5,5:33.7,32:04.3,10:02.7,12:49.2,18:45.7,6:56.2,10:00.0,13:06.4,-,-,8:50.1,5:42.5,8:53.6,6:01.8
#17,Ogier Sébastien  - Landais V. Toyota GR Yaris Rally1  [SR],RC1 M,-,-,-,-,-,-,-,-,-,-,-,-,-,29:31.6 [N],17:23.1 [N],-,-,-,-
#18,Katsuta Takamoto  - Johnston Aaron Toyota GR Yaris Rally1,RC1,2:25.8,7:25.5,5:31.6,32:01.6,7:21.0,5:32.6,32:18.1,10:32.1,-,-,-,-,-,-,-,8:48.5,5:39.4,8:31.7,5:59.8
#18,Katsuta Takamoto  - Johnston Aaron Toyota GR Yaris Rally1  [SR],RC1,-,-,-,-,-,-,-,-,22:45.0 [N],28:45.7 [N],16:53.2 [N],19:52.3 [N],22:53.8 [N],29:31.6 [N],17:23.1 [N],-,-,-,-
#20,Rossel Yohan  - Dunand Arnaud Citroën C3 Rally2,RC2,2:32.1,7:45.1,5:57.7,33:12.6,7:30.0 [N],5:51.8 [N],34:01.2,10:44.6,13:51.5,19:48.4,7:18.8,10:29.8,14:03.6,21:18.9,8:02.1,9:07.6,5:58.6,8:53.9,6:26.6
#21,Greensmith Gus  - Andersson Jonas Škoda Fabia RS Rally2,RC2,2:32.6,7:35.1,5:52.0,33:13.3,7:30.0 [N],-,-,-,-,-,-,-,-,-,-,-,-,-,-
#22,Solberg Oliver  - Edmondson E. Škoda Fabia RS Rally2,RC2,2:29.5,7:30.5,5:52.0,59:24.6,7:30.0 [N],5:51.8 [N],33:16.3,10:24.9,13:28.2,19:33.3,10:20.7,10:17.0,16:37.9,48:10.0,-,8:54.6,5:56.2,8:45.8,6:57.2 [N]
#22,Solberg Oliver  - Edmondson E. Škoda Fabia RS Rally2  [SR],RC2,-,-,-,-,-,-,-,-,-,-,-,-,-,-,17:43.1 [N],-,-,-,-
#23,Mikkelsen Andreas  - Eriksen T. Škoda Fabia RS Rally2,RC2,2:30.0,7:31.1,5:47.2,32:59.3,7:30.0 [N],5:51.8,33:43.8,10:28.2,13:18.9,19:48.8,7:09.2,10:20.9,13:39.8,20:50.5,7:44.8,8:59.9,5:56.9,8:53.6,6:30.0
#24,Gryazin Nikolay  - Aleksandrov K. Škoda Fabia RS Rally2,RC2,2:32.2,8:17.8,5:53.3,36:41.9,7:30.0 [N],5:51.8 [N],33:55.9,10:35.7,13:33.6,19:54.4,7:17.8,46:54.1,15:29.2,21:17.1,8:11.1,8:54.7,5:51.1,8:55.1,6:57.2 [N]
#25,Suninen Teemu  - Markkula Mikko Hyundai i20 N Rally2,RC2,2:33.7,7:31.2,5:47.1,32:51.8,7:30.0 [N],5:49.8 [N],35:35.3,10:31.2,13:27.5,19:50.1,7:13.7,10:17.7,13:36.1,21:01.3,7:46.8,9:00.1,5:58.6,8:52.3,6:36.0
#26,Lindholm Emil  - Hämäläinen R. Škoda Fabia RS Rally2,RC2,2:30.8,7:40.7,5:48.8,33:03.3,7:30.0 [N],5:51.8 [N],33:25.0,10:34.7,13:45.6,20:51.5,7:23.6,10:22.9,13:49.4,21:19.8,7:47.3,-,-,-,-
#27,Fourmaux Adrien  - Coria Alexandre Ford Fiesta Rally2,RC2,2:31.7,7:37.0,5:49.9,32:52.6,7:30.0 [N],5:48.7,33:33.7,10:33.1,13:23.5,19:28.4,7:10.0,10:20.4,13:45.0,20:41.5,7:43.1,8:56.8,6:03.6,8:44.7,-
#28,Ciamin Nicolas  - Roche Yannick Volkswagen Polo GTI R5,RC2,2:34.7,8:00.8,6:06.5,-,-,-,-,10:49.1,13:59.2,20:05.7,7:18.7,10:31.9,16:15.6,21:47.5,8:04.4,9:17.3,6:04.0,8:58.8,6:57.2 [N]
#28,Ciamin Nicolas  - Roche Yannick Volkswagen Polo GTI R5  [SR],RC2,-,-,-,42:51.8 [N],17:30.0 [N],15:48.7 [N],43:16.3 [N],-,-,-,-,-,-,-,-,-,-,-,-
#29,Kajetanowicz K.  - Szczepaniak M. Škoda Fabia RS Rally2,RC2,2:30.4,7:46.3,5:58.6,33:15.6,7:30.0 [N],5:51.8 [N],34:18.2,10:40.3,13:31.4,19:47.9,7:10.4,10:22.7,13:52.8,21:40.7,8:00.3,9:09.3,6:00.5,8:51.1,6:29.2
#30,Munster Grégoire  - Louka Louis Ford Fiesta Rally2,RC2,2:34.3,8:03.8,6:05.9,33:59.3,7:30.0 [N],5:51.8 [N],34:32.4,10:54.9,13:56.1,20:32.5,7:32.4,10:36.0,14:38.6,21:54.9,8:18.9,9:06.0,6:01.2,8:50.1,6:26.3
#31,Zaldivar F.  - Der Ohannesian M. Hyundai i20 N Rally2,RC2,2:31.4,7:51.1,5:54.7,33:47.5,-,-,-,11:05.4,13:49.6,19:48.5,7:27.5,10:29.8,15:35.1,21:38.2,8:26.7,9:08.2,6:00.9,8:52.3,6:57.2 [N]
#31,Zaldivar F.  - Der Ohannesian M. Hyundai i20 N Rally2  [SR],RC2,-,-,-,-,17:30.0 [N],15:48.7 [N],43:16.3 [N],-,-,-,-,-,-,-,-,-,-,-,-
#32,Pajari Sami  - Mälkönen Enni Škoda Fabia RS Rally2,RC2,2:32.0,7:39.0,5:52.4,32:55.4,7:30.0 [N],5:51.8 [N],33:16.7,10:33.4,13:34.6,19:56.0,9:03.0,-,-,-,-,8:46.2,5:53.1,8:39.9,6:57.2 [N]
#32,Pajari Sami  - Mälkönen Enni Škoda Fabia RS Rally2  [SR],RC2,-,-,-,-,-,-,-,-,-,-,-,20:17.0 [N],23:36.1 [N],30:41.5 [N],17:43.1 [N],-,-,-,-
#33,Evans Elfyn  - Martin Scott Toyota GR Yaris Rally1,RC1 M,2:26.9,7:30.0,5:36.8,31:46.6,7:17.8,5:38.2,32:38.1,10:11.1,12:59.0,20:38.8,7:36.6,10:08.0,13:36.7,20:33.4,7:35.4,8:42.0,5:45.8,8:38.9,6:01.8
#34,Bulacia B.  - Coronado Jiménez A. Škoda Fabia Rally2 evo,RC2,2:32.3,7:49.9,5:53.1,38:22.5,7:30.0 [N],5:51.8 [N],-,10:44.2,13:45.5,20:05.7,7:23.9,10:30.9,15:26.2,28:55.0,-,-,-,-,-
#34,Bulacia B.  - Coronado Jiménez A. Škoda Fabia Rally2 evo  [SR],RC2,-,-,-,-,-,-,43:16.3 [N],-,-,-,-,-,-,-,-,-,-,-,-
#35,Cachón Alejandro  - Jandrín Citroën C3 Rally2,RC2,2:31.2,7:54.5,6:18.1,-,-,-,-,10:53.1,14:09.4,-,-,-,-,-,-,-,-,-,-
#35,Cachón Alejandro  - Jandrín Citroën C3 Rally2  [SR],RC2,-,-,-,42:51.8 [N],17:30.0 [N],15:48.7 [N],43:16.3 [N],-,-,-,-,-,-,-,-,-,-,-,-
#36,Linnamäe Georg  - Morgan James Hyundai i20 N Rally2,RC2,2:31.0,8:01.0,5:56.1,33:56.8,-,-,-,10:42.7,13:52.6,19:59.0,7:22.0,10:32.9,16:05.7,21:18.1,8:08.1,9:08.3,5:58.4,8:53.0,6:57.2 [N]
#36,Linnamäe Georg  - Morgan James Hyundai i20 N Rally2  [SR],RC2,-,-,-,-,17:30.0 [N],15:48.7 [N],43:16.3 [N],-,-,-,-,-,-,-,-,-,-,-,-
#37,Marczyk M.  - Gospodarczyk S. Škoda Fabia RS Rally2,RC2,2:29.7,7:38.9,5:54.6,33:18.2,7:30.0 [N],5:51.8 [N],33:58.8,10:46.7,13:49.1,20:18.1,7:27.7,10:34.2,14:27.1,21:48.5,8:16.3,9:18.6,6:09.2,9:00.5,6:57.2
#38,McErlean Josh  - Rowan John Hyundai i20 N Rally2,RC2,2:31.9,7:48.8,5:56.9,36:33.4,7:30.0 [N],5:51.8 [N],34:39.6,10:34.9,13:40.3,20:13.6,7:26.0,10:29.6,15:17.3,22:20.9,8:39.3,9:07.1,6:11.5,8:59.5,6:57.2 [N]
#39,Joona Lauri  - Shemeikka Tuukka Škoda Fabia Rally2 evo,RC2,2:33.6,7:40.7,6:00.5,36:03.2,7:30.0 [N],5:51.8 [N],34:12.0,10:45.7,13:59.5,20:11.0,7:24.1,10:27.9,15:00.3,21:36.2,8:07.6,9:10.4,6:05.2,8:49.5,6:39.2 [N]
#4,Lappi Esapekka  - Ferm Janne Hyundai i20 N Rally1,RC1 M,2:24.9,7:20.9,5:34.3,31:50.6,7:08.9,5:31.7,31:57.5,10:04.5,12:47.2,18:58.7,7:01.7,9:52.3,13:00.2,20:04.2,7:35.7,8:47.0,5:47.1,8:36.1,6:10.9
#40,Virves Robert  - Magalhães Hugo Ford Fiesta Rally2,RC2,2:33.3,7:50.9,6:01.1,33:44.4,7:30.0 [N],5:51.8 [N],34:09.5,10:44.4,13:37.2,20:03.1,7:26.8,10:26.5,13:44.5,-,-,9:07.0,6:04.3,8:54.7,6:57.2 [N]
#40,Virves Robert  - Magalhães Hugo Ford Fiesta Rally2  [SR],RC2,-,-,-,-,-,-,-,-,-,-,-,-,-,30:41.5 [N],17:43.1 [N],-,-,-,-
#41,Cais Erik  - Těšínský Petr Škoda Fabia RS Rally2,RC2,2:31.3,7:49.9,6:05.0,34:07.6,7:30.0 [N],5:51.8 [N],33:58.6,10:54.9,13:53.2,19:56.7,7:25.7,10:27.1,14:38.2,21:40.6,8:16.0,9:40.1,6:10.8,9:14.1,6:39.2
#45,Kremer Armin  - Gottschalk Timo Škoda Fabia Rally2 evo,RC2,2:34.9,7:49.6,9:23.3,42:55.9,7:30.0 [N],5:51.8 [N],36:15.6,11:02.5,14:18.2,36:30.7,-,-,-,-,-,-,-,-,-
#46,Prokop Martin  - Ernst Michal Škoda Fabia RS Rally2,RC2,2:33.0,7:49.3,5:56.3,36:55.8,7:30.0 [N],5:51.8 [N],34:16.2,10:40.1,13:37.9,19:52.8,7:15.6,10:29.4,15:12.2,21:20.6,8:07.2,9:13.9,6:01.6,9:01.0,6:39.2 [N]
#47,Miele Mauro  - Beltrame Luca Škoda Fabia RS Rally2,RC2,2:36.0,8:27.2,6:19.1,35:58.7,7:30.0 [N],5:51.8 [N],37:03.6,11:13.5,14:34.7,20:55.1,7:39.2,11:06.9,17:08.0,-,-,9:35.8,6:12.2,9:27.4,6:57.2 [N]
#47,Miele Mauro  - Beltrame Luca Škoda Fabia RS Rally2  [SR],RC2,-,-,-,-,-,-,-,-,-,-,-,-,-,30:41.5 [N],17:43.1 [N],-,-,-,-
#48,Castro Eduardo  - Mussano Fernando Škoda Fabia Rally2 evo,RC2,2:36.8,8:19.9,6:23.4,36:00.7,7:30.0 [N],5:51.8 [N],37:33.9,11:29.4,14:45.3,20:48.2,7:41.0,11:15.5,27:11.8,23:06.3,8:58.7,9:53.0,6:21.1,9:36.5,6:57.2 [N]
#49,O'Brien Patrick  - O'Brien Stephen Hyundai i20 N Rally2,RC2,2:35.1,8:09.8,-,-,-,-,-,11:15.8,23:18.9 [N],29:28.4 [N],17:09.2 [N],20:17.0 [N],23:36.1 [N],30:41.5 [N],17:43.1 [N],9:36.1,6:13.4,9:14.2,6:57.2 [N]
#49,O'Brien Patrick  - O'Brien Stephen Hyundai i20 N Rally2  [SR],RC2,-,-,15:47.1 [N],42:51.8 [N],17:30.0 [N],15:48.7 [N],43:16.3 [N],-,-,-,-,-,-,-,-,-,-,-,-
#50,Keferböck Johannes  - Minor Ilka Škoda Fabia Rally2 evo,RC2,2:36.3,8:31.3,6:33.5,36:44.1,7:30.0 [N],5:51.8 [N],38:29.0,11:39.2,15:10.5,21:38.9,8:12.9,11:31.1,17:32.8,23:59.9,9:34.7,10:32.3,6:39.4,10:18.2,6:57.2 [N]
#52,Villanueva A.  - Murado González J. Škoda Fabia RS Rally2,RC2,2:37.2,8:05.7,6:14.3,46:55.3,7:30.0 [N],5:51.8 [N],-,11:23.8,14:36.7,21:36.3,16:18.7,11:30.9,15:36.3,22:09.4,17:43.1 [N],10:14.7,6:23.8,9:44.3,6:57.2 [N]
#52,Villanueva A.  - Murado González J. Škoda Fabia RS Rally2  [SR],RC2,-,-,-,-,-,-,43:16.3 [N],-,-,-,-,-,-,-,-,-,-,-,-
#53,Chwist Daniel  - Heller Kamil Škoda Fabia RS Rally2,RC2,2:38.9,8:54.5,6:38.9,37:09.5,7:30.0 [N],5:51.8 [N],38:50.4,11:52.4,15:23.8,22:01.2,8:11.7,11:36.5,-,-,-,10:19.6,6:37.2,10:09.0,6:57.2 [N]
#53,Chwist Daniel  - Heller Kamil Škoda Fabia RS Rally2  [SR],RC2,-,-,-,-,-,-,-,-,-,-,-,-,23:36.1 [N],30:41.5 [N],17:43.1 [N],-,-,-,-
#55,Al-Attiyah N.  - Bernacchini G. Ford Fiesta Rally2,RC2,2:52.5,9:44.9,7:21.2,41:46.8,7:30.0 [N],5:51.8 [N],43:09.1,13:06.4,17:03.0,23:33.0,8:54.0,-,-,-,-,11:36.3,7:25.6,11:33.7,6:57.2 [N]
#55,Al-Attiyah N.  - Bernacchini G. Ford Fiesta Rally2  [SR],RC2,-,-,-,-,-,-,-,-,-,-,-,20:17.0 [N],23:36.1 [N],30:41.5 [N],17:43.1 [N],-,-,-,-
#56,Dettori Giuseppe  - Pisano Carlo Škoda Fabia Rally2 evo,RC2,2:41.8,8:35.0,6:25.3,-,-,-,-,11:18.1,14:22.6,20:56.5,7:43.8,11:11.4,16:29.5,22:31.9,8:42.2,9:41.2,6:20.7,9:32.9,6:57.2 [N]
#56,Dettori Giuseppe  - Pisano Carlo Škoda Fabia Rally2 evo  [SR],RC2,-,-,-,42:51.8 [N],17:30.0 [N],15:48.7 [N],43:16.3 [N],-,-,-,-,-,-,-,-,-,-,-,-
#57,Gamba Matteo  - Gonella Nicolò Škoda Fabia Rally2 evo,RC2,2:35.8,8:20.0,6:31.9,35:48.9,7:30.0 [N],5:51.8 [N],36:38.4,11:22.2,14:33.7,20:57.2,7:46.6,11:08.4,17:06.3,23:46.1,9:10.3,10:02.6,6:25.2,9:44.8,6:57.2 [N]
#58,Tali Nicola  - Frau Massimiliano Škoda Fabia Rally2 evo,RC2,2:38.9,8:22.2,6:31.0,36:45.6,7:30.0 [N],5:51.8 [N],-,11:51.5,14:45.8,21:14.1,7:48.5,11:17.0,16:09.6,22:34.9,8:50.9,9:41.8,6:25.5,9:37.1,6:57.2 [N]
#58,Tali Nicola  - Frau Massimiliano Škoda Fabia Rally2 evo  [SR],RC2,-,-,-,-,-,-,43:16.3 [N],-,-,-,-,-,-,-,-,-,-,-,-
#59,Biolghini Pablo  - Pudda Stefano Škoda Fabia Rally2 evo,RC2,2:38.6,8:55.5,6:37.1,37:28.9,7:30.0 [N],5:51.8 [N],46:25.1,11:44.0,15:35.1,21:31.4,8:06.1,11:36.6,17:36.3,24:07.2,9:23.9,10:18.3,6:33.1,10:04.5,6:57.2 [N]
#6,Sordo Dani  - Carrera Cándido Hyundai i20 N Rally1,RC1 M,2:26.7,7:28.2,5:32.7,34:43.0,7:19.6 [N],5:34.0,32:17.8,10:25.6,13:15.7,18:50.6,6:58.2,10:15.5,13:31.7,19:31.6,7:33.9,9:01.0,6:21.0,-,-
#60,Morato Maurizio  - Dal Maso Andrea Škoda Fabia Rally2 evo,RC2,2:42.8,9:18.9,7:00.5,2:04:26.0,-,-,-,12:21.2,15:48.7,22:47.8,8:53.9,12:08.8,17:41.9,25:09.0,9:45.9,10:34.5,6:33.9,10:26.4,6:57.2 [N]
#60,Morato Maurizio  - Dal Maso Andrea Škoda Fabia Rally2 evo  [SR],RC2,-,-,-,-,17:30.0 [N],15:48.7 [N],43:16.3 [N],-,-,-,-,-,-,-,-,-,-,-,-
#61,Covi Carlo  - Budoia Andrea Škoda Fabia Rally2 evo,RC2,2:52.0,9:08.0 [N],7:22.7,41:52.5,7:30.0 [N],5:51.8 [N],43:07.5,18:35.4,16:54.4,23:18.8,8:37.2,12:40.9,20:24.8,26:00.0,10:17.5,11:10.9,7:16.3,10:53.0,6:57.2 [N]
#63,Türkkan Ali  - Erdener Burak Ford Fiesta Rally3,RC3,2:42.7,8:39.1,11:07.9,37:54.4,7:30.0 [N],5:51.8 [N],-,11:20.9,14:44.1,20:55.2,8:18.2,11:14.0,16:45.1,25:09.1,9:20.7,10:02.3,6:23.6,9:50.9,6:57.2 [N]
#63,Türkkan Ali  - Erdener Burak Ford Fiesta Rally3  [SR],RC3,-,-,-,-,-,-,47:01.5 [N],-,-,-,-,-,-,-,-,-,-,-,-
#64,Kohn Filip  - Woodburn Tom Ford Fiesta Rally3,RC3,2:43.1,8:40.5,28:35.5,36:30.3,7:30.0 [N],5:51.8 [N],37:01.5,11:38.2,14:55.9,-,-,-,-,-,-,10:04.8,6:37.9,9:56.5,6:57.2 [N]
#64,Kohn Filip  - Woodburn Tom Ford Fiesta Rally3  [SR],RC3,-,-,-,-,-,-,-,-,-,30:55.2 [N],17:36.2 [N],21:14.0 [N],26:28.5 [N],33:22.3 [N],18:28.6 [N],-,-,-,-
#65,Korhonen Roope  - Viinikka Anssi Ford Fiesta Rally3,RC3,2:39.9,8:27.4,6:31.0,37:03.7,7:30.0 [N],5:51.8 [N],39:04.0,12:26.3,15:00.2,21:02.0,7:36.2,11:15.0,15:24.0 [N],23:22.3,8:28.6,9:32.9,6:28.7,9:38.8,6:57.2 [N]
#66,Creighton William  - Regan Liam Ford Fiesta Rally3,RC3,2:40.7,8:29.7,6:25.7,37:28.0,7:30.0 [N],5:51.8 [N],39:23.3,11:28.3,14:28.1,21:00.0,7:37.7,11:21.8,18:06.7,21:43.4,8:25.0,9:52.6,6:33.0,9:48.5,6:57.2 [N]
#67,Pellier Laurent  - Bronner Kévin Ford Fiesta Rally3,RC3,2:57.5,8:13.4,6:22.2,38:59.5,7:30.0 [N],5:51.8 [N],42:56.4,11:16.8,14:35.3,20:29.9,7:32.5,11:13.0,15:29.2,-,-,9:53.4,6:18.7,9:29.9,6:57.2 [N]
#67,Pellier Laurent  - Bronner Kévin Ford Fiesta Rally3  [SR],RC3,-,-,-,-,-,-,-,-,-,-,-,-,-,31:43.4 [N],18:25.0 [N],-,-,-,-
#68,Domínguez Diego Jr.  - Peñate R. Ford Fiesta Rally3,RC3,2:40.8,8:20.6,6:24.8,35:27.8,7:30.0 [N],5:51.8 [N],42:28.4,11:24.7,14:35.3,20:43.3,7:38.5,11:11.5,17:04.8,23:09.3,9:47.1,9:52.7,6:20.2,9:28.6,6:57.2 [N]
#69,Rovanperä Kalle  - Halttunen J. Toyota GR Yaris Rally1,RC1 M,2:26.1,7:27.0,5:36.7,32:14.1,7:19.2,5:36.4,31:55.4,10:02.9,12:51.5,19:00.0,6:56.9,10:02.0,12:57.5,20:23.8,7:38.1,8:59.5,5:48.5,8:46.1,5:55.0
#7,Loubet Pierre-Louis  - Gilsoul N. Ford Puma Rally1,RC1 M,2:27.0,7:23.9,5:34.1,31:51.4,7:15.3 [N],5:33.9,-,-,-,-,-,-,-,-,-,-,-,-,-
#7,Loubet Pierre-Louis  - Gilsoul N. Ford Puma Rally1  [SR],RC1 M,-,-,-,-,-,-,41:55.4 [N],-,-,-,-,-,-,-,-,-,-,-,-
#70,Rensonnet Tom  - Dumont Loïc Ford Fiesta Rally3,RC3,2:42.9,8:41.1,6:35.0,39:59.9,7:30.0 [N],5:51.8 [N],43:24.2,11:39.4,15:19.7,21:24.8,7:55.3,11:34.2,17:30.7,-,-,10:12.4,6:38.5,10:04.0,6:57.2 [N]
#70,Rensonnet Tom  - Dumont Loïc Ford Fiesta Rally3  [SR],RC3,-,-,-,-,-,-,-,-,-,-,-,-,-,31:43.4 [N],18:25.0 [N],-,-,-,-
#71,Blach Roberto Jr.  - Barreiro M. Ford Fiesta Rally3,RC3,2:48.1,9:20.7,6:56.0,37:22.7,7:30.0 [N],5:51.8 [N],-,12:00.4,15:34.7,21:59.6,8:05.1,11:50.6,17:41.7,24:26.7,9:36.7,10:17.5,6:45.5,10:10.4,6:57.2 [N]
#71,Blach Roberto Jr.  - Barreiro M. Ford Fiesta Rally3  [SR],RC3,-,-,-,-,-,-,48:59.7 [N],-,-,-,-,-,-,-,-,-,-,-,-
#72,Kelly Eamonn  - Mohan Conor Ford Fiesta Rally3,RC3,2:47.3,8:35.1,6:35.8,-,-,-,-,11:35.0,15:03.1,21:05.4,7:45.4,11:26.0,16:38.7,22:34.3,8:42.5,9:59.3,6:29.5,9:43.3,6:57.2 [N]
#72,Kelly Eamonn  - Mohan Conor Ford Fiesta Rally3  [SR],RC3,-,-,-,45:27.8 [N],17:30.0 [N],15:51.8 [N],48:59.7 [N],-,-,-,-,-,-,-,-,-,-,-,-
#73,Hernández R.  - Pérez Fernández A. Ford Fiesta Rally3,RC3,2:41.2,8:35.6,6:17.2,47:02.7,7:30.0 [N],5:51.8 [N],38:59.7,11:52.9,14:37.2,20:40.8,-,-,-,-,-,9:40.2,6:11.7,9:27.9,6:57.2 [N]
#73,Hernández R.  - Pérez Fernández A. Ford Fiesta Rally3  [SR],RC3,-,-,-,-,-,-,-,-,-,-,17:32.5 [N],21:11.5 [N],25:29.2 [N],31:43.4 [N],18:25.0 [N],-,-,-,-
#74,Anwar Hamza  - Din Adnan Ford Fiesta Rally3,RC3,2:54.0,-,-,-,-,-,-,12:13.8,16:09.4,22:18.9,8:08.3,11:59.1,18:06.2,24:48.9,9:25.6,10:17.9,6:39.3,10:04.1,6:57.2 [N]
#74,Anwar Hamza  - Din Adnan Ford Fiesta Rally3  [SR],RC3,-,18:13.4 [N],16:17.2 [N],45:27.8 [N],17:30.0 [N],15:51.8 [N],48:59.7 [N],-,-,-,-,-,-,-,-,-,-,-,-
#75,László Zoltán  - Zsiros Gábor Škoda Fabia Rally2 evo,RC2,2:45.0 [N],9:21.0 [N],7:05.0,56:37.2,7:30.0 [N],5:51.8 [N],52:05.0,12:15.8,16:09.7,22:45.8,8:33.9,12:41.6,19:34.2,25:57.8,10:20.4,13:26.8,6:50.7,10:34.4,6:57.2 [N]
#76,Marrone Francesco  - Fresu F. Peugeot 208 T16,RC2,2:52.0 [N],9:42.0,6:57.3,41:23.1,7:30.0 [N],5:51.8 [N],41:11.2,12:19.5,15:39.6,40:47.6,-,-,-,-,-,10:45.7,-,-,-
#76,Marrone Francesco  - Fresu F. Peugeot 208 T16  [SR],RC2,-,-,-,-,-,-,-,-,-,-,18:04.4 [N],21:45.1 [N],27:32.0 [N],33:41.8 [N],19:30.8 [N],-,-,-,-
#77,Pozzo Giuseppe  - Cottu Pier Paolo Škoda Fabia Rally2 evo,RC2,2:57.5 [N],9:11.3,7:00.7,40:38.1,7:30.0 [N],5:51.8 [N],41:53.4,13:41.6,16:07.8,23:03.6,-,-,-,-,-,10:57.9,6:44.8,10:44.5,6:57.2 [N]
#77,Pozzo Giuseppe  - Cottu Pier Paolo Škoda Fabia Rally2 evo  [SR],RC2,-,-,-,-,-,-,-,-,-,-,18:04.4 [N],21:45.1 [N],27:32.0 [N],33:41.8 [N],19:30.8 [N],-,-,-,-
#78,Bendotti Gianpietro  - Vaerini G. Škoda Fabia Rally2 evo,RC2,2:52.0 [N],8:50.4,6:44.7,39:05.5,7:30.0 [N],5:51.8 [N],39:24.1,12:05.4,15:36.6,21:19.4,8:04.4,11:45.1,17:32.0,23:41.8,9:30.8,10:28.9,6:28.0,10:15.0,6:57.2 [N]
#79,Schwarz Fabio  - Ettel Bernhard Ford Fiesta Rally3,RC3,2:45.0 [N],8:28.0 [N],6:31.7,35:56.7,7:30.0 [N],5:51.8 [N],-,13:47.3,17:44.5,21:14.7,17:32.5 [N],21:11.5,25:29.2 [N],31:43.4 [N],18:25.0 [N],9:35.0,6:31.7,9:33.6,6:57.2 [N]
#79,Schwarz Fabio  - Ettel Bernhard Ford Fiesta Rally3  [SR],RC3,-,-,-,-,-,-,47:01.5 [N],-,-,-,-,-,-,-,-,-,-,-,-
#8,Tänak Ott  - Järveoja Martin Ford Puma Rally1,RC1 M,2:25.1,7:29.1,5:34.7,32:08.8,7:19.1,5:33.5,32:28.3,10:11.8,13:29.2,-,-,-,-,-,-,8:37.7,5:37.1,8:47.0,5:59.7
#8,Tänak Ott  - Järveoja Martin Ford Puma Rally1  [SR],RC1 M,-,-,-,-,-,-,-,-,-,28:45.7 [N],16:53.2 [N],19:52.3 [N],22:53.8 [N],29:31.6 [N],17:23.1 [N],-,-,-,-
#80,Fontana Matteo  - Arnaboldi A. Peugeot 208 Rally4,RC4,2:45.0 [N],9:14.1,7:01.3,39:24.7,7:30.0 [N],5:51.8 [N],-,11:59.8,15:37.6,22:32.2,8:27.5,11:56.6,18:40.2,24:55.7,9:41.0,10:21.3,6:54.3,10:07.7,6:57.2 [N]
#80,Fontana Matteo  - Arnaboldi A. Peugeot 208 Rally4  [SR],RC4,-,-,-,-,-,-,55:54.3 [N],-,-,-,-,-,-,-,-,-,-,-,-
#81,Marrone Stefano  - Mele Claudio Peugeot 208 Rally4,RC4,2:52.0 [N],9:29.6,7:31.3,-,-,-,-,12:38.9,16:24.1,23:39.9,8:40.9,12:45.9,19:55.8,27:44.5,10:56.7,10:33.9,7:07.0,10:35.7,6:57.2 [N]
#81,Marrone Stefano  - Mele Claudio Peugeot 208 Rally4  [SR],RC4,-,-,-,49:24.7 [N],17:30.0 [N],15:51.8 [N],55:54.3 [N],-,-,-,-,-,-,-,-,-,-,-,-
#82,Biancu Davide  - Pittalis Luigi Peugeot 208 Rally4,RC4,2:52.0 [N],-,-,-,-,-,-,12:44.3,16:20.9,32:32.2 [N],18:27.5 [N],21:56.6 [N],28:40.2 [N],34:55.7 [N],19:41.0 [N],10:55.8,7:00.7,10:40.4,6:57.2 [N]
#82,Biancu Davide  - Pittalis Luigi Peugeot 208 Rally4  [SR],RC4,-,19:14.1 [N],17:01.3 [N],49:24.7 [N],17:30.0 [N],15:51.8 [N],55:54.3 [N],-,-,-,-,-,-,-,-,-,-,-,-
#83,Bergamin Jacopo  - Ventoso Nicolò Peugeot 208 Rally4,RC4,2:52.0 [N],9:47.1,8:19.2,-,-,-,-,-,-,-,-,-,-,-,-,-,-,-,-
#84,Liceri Michele  - Mendola S. Peugeot 208 Rally4,RC4,2:57.5 [N],10:28.6,7:46.7,43:37.7,7:30.0 [N],5:51.8 [N],47:46.9,13:26.5,17:37.2,25:03.7,9:07.6,13:39.4,23:19.4,28:57.4,12:08.8,11:07.3,7:23.7,11:21.5,6:57.2 [N]
#85,Schirru Fabrizio  - Salis Fabio Peugeot 208 Rally4,RC4,2:57.5 [N],10:24.1,7:44.6,49:04.3,7:30.0 [N],5:51.8 [N],45:54.3,13:48.7,19:15.3,-,-,-,-,-,-,11:33.8,7:24.4,11:17.4,6:57.2 [N]
#85,Schirru Fabrizio  - Salis Fabio Peugeot 208 Rally4  [SR],RC4,-,-,-,-,-,-,-,-,-,32:32.2 [N],18:27.5 [N],21:56.6 [N],28:40.2 [N],34:55.7 [N],19:41.0 [N],-,-,-,-
#86,Mara Gianluca  - Cottu Veronica Peugeot 208 R2,RC4,2:57.5 [N],10:35.3,8:01.7,-,-,-,-,14:20.4,18:00.9,32:32.2 [N],18:27.5 [N],21:56.6 [N],28:40.2 [N],34:55.7 [N],19:41.0 [N],12:04.2,7:34.6,11:31.2,6:57.2 [N]
#86,Mara Gianluca  - Cottu Veronica Peugeot 208 R2  [SR],RC4,-,-,-,49:24.7 [N],17:30.0 [N],15:51.8 [N],55:54.3 [N],-,-,-,-,-,-,-,-,-,-,-,-
#87,Šekuljica Slaven  - Petrović D. Renault Clio Rally5,RC5,2:57.5 [N],12:17.5,9:07.6,1:01:51.5,7:30.0 [N],5:51.8 [N],50:43.3,20:15.3,22:18.2,33:16.5,11:15.7,15:45.5,24:31.3,36:09.5,12:08.8 [N],12:58.2,8:11.5,-,-
#88,Dessi Marc  - Pastorino Mattia Renault Clio Rally5,RC5,2:57.5 [N],14:13.5,11:00.9,57:46.7,7:30.0 [N],5:51.8 [N],1:08:19.3,17:35.3,26:05.6,35:56.5,14:01.5,17:37.2,38:57.7,50:45.7,12:08.8 [N],15:45.7,9:43.8,19:46.7,6:57.2 [N]
